8.3252
8.3014
7.2574
5.6431
3.8462
4.0368
3.6591
3.12
2.0804
3.6912
3.2031
3.2705
3.075
2.6736
1.9167
2.125
2.775
2.1202
1.9911
2.6033
1.3578
1.7135
1.725
2.1806
2.6
2.4038
2.4597
1.808
1.6424
1.6875
1.9274
1.9615
1.7969
1.375
2.7303
1.4861
1.0972
1.4103
3.48
2.5898
2.0978
1.2852
1.025
3.9643
3.0125
2.6768
2.026
1.7348
0.9506
1.775
0.9218
1.5045
1.1108
1.2475
1.6098
1.4113
1.5057
0.8172
1.2171
2.5625
3.3929
6.1183
0.9011
1.191
2.5938
1.1667
0.8056
2.6094
1.8516
0.9802
1.7719
0.7286
1.75
0.4999
2.483
0.9241
2.4464
1.1111
0.8026
2.0114
1.5
1.1667
1.5208
0.8075
1.8088
2.4083
0.977
0.76
0.9722
1.2434
2.0938
0.8668
0.75
2.6354
1.8477
2.0096
2.8345
2.0062
1.2185
2.6104
2.0337
3.3889
2.7212
2.975
7.5443
5.128
3.1429
3.8088
5.0897
4.2276
5.0718
5.2848
8.6088
4.1
3.55
4.0403
3.4844
4.1797
5.4824
6.287
2.5719
3.1696
3.244
6.912
3.0635
2.67
4.8516
1.3713
7.674
3.0737
3.4107
5.3735
6.9533
4.6197
3.22
4.2422
3.1625
3.1989
2.8942
1.6875
1.8144
3.6453
3.5046
7.7307
3.023
3.1607
3.0742
4.0333
2.6154
5.542
3.75
4.9609
5.0507
3.0
3.238
3.5606
3.0938
7.5078
6.9833
3.7306
2.7736
3.5902
2.9886
8.9083
6.6104
1.2176
1.125
3.0625
2.77
2.325
2.7045
1.6944
2.7368
4.39
3.2604
5.6345
1.6393
1.9704
2.7644
2.6458
3.2216
2.66
1.7038
7.5402
3.7857
2.8
1.9653
3.3629
5.6856
3.0357
5.0391
2.4943
3.0179
2.1447
1.7132
4.2569
6.6756
6.3663
2.1719
2.4141
3.1215
3.226
2.582
3.1667
7.0215
6.7093
6.4588
2.8214
5.979
4.385
4.2218
3.5
4.7685
3.7847
5.0947
1.5809
3.7969
2.8438
2.3906
5.9572
2.3156
3.183
2.227
4.4728
6.9308
4.976
3.6176
7.3343
1.2396
4.375
2.4196
2.3942
2.5035
2.2264
3.0173
3.3929
3.8073
4.6806
3.7454
4.5469
1.1346
4.1958
1.2634
2.8594
1.9375
3.2813
2.6218
3.94
2.3611
2.1449
2.0724
6.3974
2.7824
6.0704
1.9044
3.3287
4.2019
3.6563
2.1862
3.66
6.3369
3.0625
3.9224
1.3532
4.5625
3.4345
2.4367
3.5147
2.9605
5.5
3.1724
1.0469
3.8672
5.5756
3.851
5.4834
1.6792
7.3841
4.0515
3.067
3.463
4.8623
3.1576
6.0712
4.25
3.4812
3.587
2.575
4.2011
6.3236
2.9688
1.875
9.0055
3.9825
3.7838
3.162
4.793
3.1848
3.6815
3.5161
3.875
2.375
1.6829
2.5742
2.5399
4.3409
3.0179
2.3125
2.6941
2.3812
5.5718
4.2885
2.9803
3.5221
4.1974
4.0
4.4125
2.1571
6.3835
4.4934
1.2094
5.9175
2.6292
3.8583
4.1429
2.6719
4.3882
3.9336
4.692
3.7904
1.4366
3.5781
3.0718
3.0625
4.0793
3.6852
8.7059
6.0891
3.5573
3.6348
2.2813
2.4145
2.919
4.4259
2.9286
3.4609
3.86
1.6033
1.8438
3.7396
3.6875
3.3942
3.8625
2.0508
4.2167
1.1707
3.7235
5.0864
6.4419
3.7734
3.4426
1.8689
4.7647
4.0714
6.0715
4.535
3.4919
3.0769
3.1738
4.0282
4.8787
3.5039
3.125
5.5083
3.1653
4.6111
2.7083
5.1509
1.9495
4.9464
5.3054
3.4333
1.9562
3.3622
3.4625
1.641
4.8359
3.1972
5.7579
4.3898
1.4384
2.2344
3.6667
2.125
4.4444
2.3339
5.137
4.5625
1.4583
4.072
5.8625
3.1389
2.4012
6.3705
5.24
3.5521
3.6346
4.3281
5.3194
10.2849
1.4524
2.3657
3.9792
3.3214
1.6368
2.9783
5.2998
1.9038
2.0655
0.4999
4.4948
5.2533
2.655
4.0583
3.138
5.8596
3.3702
5.5255
2.5991
3.4398
3.05
3.55
2.3409
3.1793
4.0911
2.0341
4.0945
4.67
4.0139
3.2
2.6339
1.9375
3.1691
4.038
3.375
2.3056
6.4285
8.7477
4.6103
3.8906
1.5844
2.8393
5.4904
6.2263
7.0516
3.6053
4.2321
6.0582
3.1312
4.6133
1.3289
5.2591
4.0658
2.4754
2.5938
3.5114
3.0833
5.3146
6.4685
3.7454
3.0313
3.3156
4.6458
3.875
3.8
3.5603
6.5378
2.5625
11.0567
2.1414
11.2185
3.5481
2.3173
3.725
3.1989
6.2275
4.7986
3.3438
2.3783
3.75
2.7802
2.75
1.8792
0.9797
3.0809
1.7083
3.6451
3.8581
3.3438
3.32
5.5335
4.1098
3.0625
3.2112
3.6908
3.8125
1.3801
4.1656
4.8854
5.4031
4.0167
5.8686
2.7045
5.3538
3.375
15.0001
3.8438
2.875
2.2788
2.2031
2.6875
4.7337
5.6385
2.7396
4.1429
2.6458
4.125
2.6208
7.5594
5.6885
5.3102
4.5655
1.55
3.7292
5.5
5.0553
3.0938
1.8806
3.9036
3.5
2.0643
3.2672
1.9798
4.1488
5.0772
3.4237
11.3176
5.0323
2.8871
15.0001
2.7679
1.6528
3.2937
1.75
5.828
8.2934
5.2088
3.2721
7.5
4.7143
2.5389
2.3571
5.5336
3.125
4.8854
4.875
5.2542
2.543
6.0238
4.6705
3.1875
5.9039
2.4148
3.1369
2.3098
1.8438
1.6483
1.425
1.375
4.2237
2.3568
3.9565
8.9257
3.7734
5.3345
3.1111
4.621
1.875
2.875
2.1944
4.6364
3.4838
4.1094
4.4423
2.1513
5.257
2.09
1.8914
1.7064
1.9609
5.5
2.4
5.9356
5.7373
6.0252
3.5208
2.4866
2.9507
3.3438
8.9616
5.5184
4.4375
2.8106
15.0001
7.2371
5.449
2.7339
2.7069
3.3715
2.8061
2.1949
3.7455
2.5625
2.2566
4.5795
5.3505
7.2634
5.956
2.1687
3.1115
3.2083
4.6518
2.6818
2.5029
1.901
3.7083
2.9028
3.5909
2.4727
4.5132
4.4663
5.5261
0.9751
2.875
2.0216
3.3542
4.2656
3.0592
2.3571
6.4994
4.7188
2.1974
2.15
3.6202
5.5924
5.0465
3.3272
7.0422
3.5
4.5814
3.197
1.5652
3.0481
2.2259
3.072
6.9664
5.0509
6.142
4.4643
5.1538
4.0962
3.9
3.7931
3.825
4.2813
2.4167
4.3162
7.1322
6.448
5.0828
4.652
2.6176
3.5547
4.3158
2.9576
3.9107
1.7422
3.2279
4.5
4.6484
3.3456
3.6953
1.9018
2.4519
2.3274
5.057
4.2969
4.2813
4.0556
2.3068
6.1737
2.9706
9.8589
3.2386
10.6272
2.1833
1.4726
3.3017
1.2857
5.5427
2.8036
2.3864
4.7875
5.0393
8.203
3.4183
4.1776
5.2798
2.1979
6.6854
3.2589
2.0557
4.3438
4.3906
4.0217
5.3849
5.9897
3.8438
4.5769
2.1848
2.6667
8.5282
3.3616
4.9485
13.4196
1.9805
1.2171
2.5
7.2543
3.8281
4.1477
3.4191
5.8904
2.6902
1.7083
2.425
1.6635
2.5833
4.4659
1.7266
2.8342
3.8333
4.2054
4.125
4.5604
3.3266
5.6683
3.4038
4.8787
3.9617
7.7042
3.1326
3.65
1.7788
4.2065
5.5936
3.858
2.3952
2.6979
5.0025
4.1898
3.9329
8.289
4.9205
3.0625
7.5349
4.1603
4.7708
3.301
2.3
3.5943
1.4625
3.0352
2.675
2.3814
3.5139
5.3275
5.036
7.1845
1.5625
4.7475
4.3429
3.1442
15.0001
3.9917
3.0714
3.6339
2.9491
1.7298
3.1607
4.5189
5.9177
1.625
4.6
1.8315
2.6908
2.4
3.0208
3.0083
3.2388
4.7589
3.4167
3.825
4.0313
2.1441
2.4432
3.0466
6.8758
4.7216
3.1062
1.7813
1.2275
5.0077
1.9509
2.5517
2.0156
4.8667
4.0
4.7361
2.6434
2.0096
2.1705
9.3125
4.3317
0.9318
3.1458
3.6997
3.7316
5.532
3.2727
4.4167
8.1111
3.8571
2.1845
2.3715
6.3144
1.758
6.8154
1.7798
2.1774
2.2278
3.9306
2.6763
8.0409
3.8589
4.4688
6.1047
5.6029
3.0448
4.2432
2.6536
5.347
4.25
3.875
6.3111
4.0804
2.65
2.3787
6.3992
1.5893
2.2961
3.4926
3.6667
1.2083
3.6
5.2327
3.1167
2.2589
2.1289
3.8343
6.2007
3.2317
2.4659
2.2095
3.3086
5.9285
3.0149
4.775
3.225
4.7845
4.3611
4.5972
4.3958
3.625
1.9799
6.083
1.128
1.2
5.0223
1.3125
2.7273
3.6042
2.1902
2.875
6.187
1.516
2.3147
3.1324
3.12
4.625
2.1304
4.2132
3.6769
1.554
1.8932
8.0837
12.7296
3.2794
2.7868
4.0651
3.4703
2.794
4.7917
2.8417
1.9429
5.3226
3.375
5.3525
1.8611
4.4464
3.6182
3.9375
4.15
3.5089
1.6375
3.6736
4.0221
5.1149
3.0
3.0429
0.9687
3.9261
4.4519
2.4167
4.0536
2.532
6.1873
4.9886
4.25
7.4863
7.0526
5.3451
4.5595
3.125
15.0001
1.5812
2.0577
2.8
5.9714
3.1384
3.5365
4.6563
2.8705
1.3844
2.7413
3.7303
4.3125
3.1034
3.3462
5.061
4.5687
2.3762
1.5208
6.131
4.2813
3.7566
3.9044
5.1237
4.5644
5.0887
2.1413
7.7062
3.4773
3.8875
6.3132
3.2756
1.6983
2.8558
1.9954
1.3448
3.125
5.4188
3.1364
6.6494
5.5145
5.4088
3.1629
3.8958
4.3939
2.8125
3.2386
2.8971
5.6407
3.3892
5.3946
1.9189
1.125
1.7301
3.9118
2.2679
2.5954
3.8083
4.055
2.3482
3.4583
7.4046
4.5812
3.2188
1.6089
8.0595
2.95
3.6712
5.9582
3.25
2.918
4.7056
6.0307
3.3182
3.5156
2.375
4.3393
6.1946
2.0214
3.8583
6.7977
3.8125
4.1548
1.947
3.183
4.0062
5.9359
3.2813
1.0801
5.883
2.2891
4.6447
1.125
5.7709
2.5962
9.5823
5.6931
3.1642
6.115
2.5719
2.4137
3.2619
5.0629
4.3672
3.375
2.7644
4.0556
4.6349
6.8336
4.7228
2.5417
4.3088
2.5179
3.6091
15.0001
3.3897
3.6615
2.3674
2.6136
2.5903
3.0625
2.5848
2.3333
2.325
3.6572
2.7827
3.3125
3.2841
4.9
4.4695
2.5
5.0056
6.6783
2.5902
3.5125
3.9688
5.3462
2.2604
1.7614
3.0806
5.7389
4.05
2.3347
4.2143
4.7917
4.0682
6.3669
1.2188
2.725
1.2347
2.6961
2.3187
2.6147
2.4107
1.7115
5.4228
4.5714
1.875
4.0833
1.4097
4.05
3.975
4.5625
2.0786
2.4827
3.4091
1.5273
7.8915
2.7325
3.4148
5.6916
12.3411
3.0441
2.4615
3.3793
2.8194
2.1908
5.5925
8.5677
3.7679
3.4071
1.6854
3.0089
4.0324
2.05
6.3624
2.4464
4.6324
1.7377
2.4583
2.2578
3.1106
3.5076
4.9091
2.4776
3.0
7.642
4.0929
1.6635
3.5403
3.2857
2.2411
2.319
5.1619
7.0546
4.1399
4.32
6.7501
3.7214
6.871
3.8056
1.6164
5.7051
6.0441
1.5132
3.2396
3.25
4.0708
5.1923
4.1439
4.6667
3.4531
4.975
4.0121
3.3516
4.0536
6.828
4.5833
3.7991
5.1728
1.6607
3.4472
3.0
8.19
3.425
2.4861
4.1875
4.2066
4.7222
3.55
2.375
3.5
3.1887
4.6875
1.9943
1.655
4.665
2.2264
2.3333
2.6145
2.6042
3.6838
2.5457
4.1482
6.7395
3.4091
2.7014
12.5915
2.0625
3.3214
4.3333
0.9298
3.7679
1.9453
3.1094
3.9615
5.5951
3.5048
2.875
1.7227
3.9336
4.2218
2.1406
5.1408
5.0395
3.1981
2.9286
3.0147
2.8827
2.6127
3.0341
0.536
2.0
5.3806
4.3264
4.4699
5.8541
1.0539
5.3873
2.375
9.3694
2.1366
3.4338
3.1607
3.5556
1.5294
7.9248
3.0694
2.4914
2.3713
2.6776
4.8958
6.2064
3.6523
2.052
1.7257
5.4359
4.2743
5.806
1.8661
2.9161
5.0165
4.9022
1.75
1.6307
3.942
5.5673
2.7
2.75
6.3256
5.6716
3.9722
4.6369
2.6442
1.6948
6.7685
3.6625
6.91
2.7857
2.3267
4.1742
8.8636
3.3466
3.4509
7.3463
1.7161
3.5
5.1098
2.9309
1.0625
2.6929
2.2125
5.1506
3.7463
4.7
6.7919
5.0849
5.4968
1.5328
2.1979
1.75
2.5234
5.0753
2.6369
4.1115
2.5562
2.1667
2.3125
3.2443
2.6226
4.1023
3.5583
5.5608
4.0125
3.9963
2.5181
0.799
5.7204
3.075
2.9184
2.6979
1.7245
2.6312
3.9187
7.9168
3.0156
11.7894
1.8839
4.7639
4.6806
3.6823
1.0219
4.4312
3.4028
4.3875
3.1078
3.5139
2.825
0.9675
2.3382
1.9773
5.5875
6.7079
1.9698
5.482
3.7147
3.7364
4.875
4.3333
0.9407
5.0166
5.4197
4.9808
4.0721
7.8647
2.4444
4.9091
3.3295
8.1839
6.6143
4.3702
6.6204
2.6639
2.9821
1.4455
3.7891
3.6528
12.4237
2.5625
4.3646
5.8491
3.8125
3.6786
6.3434
3.1944
4.2813
1.27
1.448
5.8704
3.4539
2.6903
3.3306
1.9427
3.6333
5.687
2.1625
9.0064
5.9849
4.325
2.6842
3.3003
5.1068
4.3646
4.3317
5.2285
3.1087
2.3406
7.2013
4.025
1.9853
4.1071
6.0762
2.6442
3.9816
2.6447
2.2937
1.1434
1.8393
4.6211
1.25
4.7772
4.1538
2.7019
3.2857
3.8611
10.7569
5.2713
3.1667
7.618
0.7025
3.3173
3.2176
3.5833
3.2472
3.125
0.7714
3.9688
9.6047
3.0147
3.1364
2.8594
1.6991
6.6319
3.7174
2.2429
8.2335
1.6833
6.1323
4.6406
3.6512
1.6888
6.822
4.8594
8.3818
5.4103
4.2955
8.1344
4.8393
1.125
2.8106
2.3971
2.0119
1.7448
4.3636
2.2202
1.7926
4.9643
3.4141
1.7019
3.3846
6.0426
2.655
5.2971
3.6231
4.2468
2.4706
3.2917
5.1185
3.9464
2.5938
3.0917
3.9519
4.5427
4.3036
3.425
2.8175
3.0729
8.4016
6.9021
1.8047
5.223
10.1675
2.7171
3.7917
3.4634
2.8819
1.7109
4.1071
4.8365
1.3281
3.375
2.5045
1.4038
2.706
4.0452
3.4
2.4123
4.8906
2.32
3.4083
2.3667
4.8098
4.2083
3.4079
2.7266
4.027
2.6548
2.4554
2.5667
4.0
3.0079
3.6875
1.4375
2.415
3.0833
4.375
1.9063
5.4688
3.525
4.1806
4.1852
3.875
10.3587
4.4766
1.7388
2.7202
3.9625
2.8226
3.0417
4.6324
1.3676
4.5266
3.4028
1.6063
2.7121
3.0521
4.1
2.165
2.7986
3.6042
4.6333
4.2356
2.9706
3.7632
8.5491
9.3845
3.3292
5.2736
4.4063
5.7251
2.5221
2.1181
4.6167
3.9243
6.2187
4.0619
3.8625
5.3106
3.6336
4.5179
4.0524
2.8631
4.2065
1.4635
1.4688
2.8917
2.2042
5.2463
4.2891
5.0736
4.3456
4.005
2.4273
3.3322
4.9688
2.8281
4.4732
8.0257
2.1935
2.6036
2.2679
1.4779
4.0125
4.8523
2.7266
1.9107
4.3077
1.4464
3.8244
4.3
6.0116
7.5408
1.7642
1.6929
2.0303
4.0714
4.7578
5.1171
3.1287
3.4167
3.8295
3.0543
3.0417
6.02
2.2214
3.0862
2.6582
3.9861
2.0278
2.3
4.1856
5.083
2.5101
7.2655
2.334
4.1359
1.5489
4.4034
3.6707
5.4155
2.6535
3.7031
2.7431
4.4911
3.163
4.5156
6.057
4.645
4.3571
5.0155
1.3286
2.6538
6.1815
4.375
2.0458
5.1586
4.1451
6.617
5.5209
2.1667
4.0739
4.9125
4.023
2.3382
3.4028
4.5033
2.1944
5.2402
3.2833
5.6013
4.1026
3.1982
7.0175
2.2375
2.5373
1.4889
1.7273
4.425
5.5196
12.5381
1.2618
1.4896
6.8333
6.4265
1.2276
3.2446
2.1094
3.5227
5.3269
5.3693
1.2679
3.6618
2.5313
1.6078
3.3326
3.0179
3.6434
3.6196
4.0125
1.95
3.0398
4.9528
4.2036
4.8017
1.97
7.3518
6.3249
5.6511
6.9473
3.6646
2.6179
1.625
5.0062
3.6023
2.5195
2.4931
3.1672
4.625
2.8828
4.53
4.359
3.4559
3.0909
4.3103
1.7558
4.9306
5.2131
6.0352
2.3352
2.7399
6.7718
3.6625
3.7232
3.8906
2.1458
4.45
2.1429
5.2561
1.7184
4.125
4.3118
5.901
3.049
6.0487
8.3609
2.4545
5.1837
8.4355
3.5938
0.922
4.6761
2.7401
3.2546
3.8158
3.1142
3.4063
2.1719
2.3583
3.2852
3.7763
1.689
1.998
1.7778
3.25
5.0096
5.6973
3.2649
4.7569
2.944
4.5694
2.6914
1.6548
4.1902
6.9695
3.8086
1.5781
3.0
1.5553
3.0057
9.0519
2.565
1.06
5.308
2.2813
4.6463
7.1673
4.2554
4.5221
6.7415
6.2179
2.3844
6.1187
4.5375
4.1908
4.0238
5.7128
4.4
4.6528
3.9265
3.5341
3.9762
3.9875
2.32
2.1496
3.2768
2.5875
1.8984
4.3846
3.8024
2.0324
6.2073
3.2589
2.1964
2.2917
3.8846
2.4423
2.037
8.4112
2.0639
2.726
1.7267
2.3934
4.4531
6.1359
4.4167
2.0742
4.8519
5.0424
4.0878
5.8652
6.5648
1.9052
4.3424
8.1117
3.6308
3.2823
6.3688
15.0001
3.6528
7.5839
2.8102
6.7606
2.3547
6.0137
3.0
2.4306
5.0532
5.3951
1.2891
4.6394
2.3462
5.6163
4.325
9.3464
4.3098
1.3362
3.5492
5.1645
7.0778
4.485
3.6204
5.0862
2.8095
7.4323
2.5326
10.5815
3.875
2.3618
4.925
5.5
4.4196
1.6806
3.7159
4.2214
5.791
6.8004
3.0197
6.2642
1.0898
3.7837
9.5908
2.5551
3.5294
4.0938
7.5898
4.8472
1.625
2.3462
4.8693
1.5161
3.0577
2.8208
5.2139
2.9688
2.7679
2.6696
3.0871
6.7027
3.87
4.475
2.5391
3.1679
3.0788
3.0417
1.7994
1.6667
7.611
1.6563
6.1407
3.875
4.0729
2.8711
7.6923
2.1571
3.3859
1.767
1.3125
6.6354
2.862
2.1838
15.0
1.3023
1.9797
4.7357
3.875
7.0598
3.2243
4.3292
3.6442
1.625
4.2434
3.8398
3.6006
3.275
3.8233
4.174
2.9712
1.6458
4.0568
1.2625
1.4005
1.4886
2.5057
4.25
2.5588
2.8906
2.1005
4.4531
3.1667
4.7097
2.7316
5.1057
5.1299
4.5982
6.7257
4.2014
5.0195
3.0854
1.325
2.4884
5.5105
2.5379
8.1163
3.653
2.6053
6.1572
4.0
4.1667
4.3651
3.0759
2.1432
1.2826
3.5877
2.095
1.8417
1.319
1.675
5.716
4.675
6.9935
3.1713
10.129
3.1275
7.2165
4.6771
3.625
3.5385
1.3729
5.9508
3.2125
7.333
2.6607
1.575
2.0673
5.2442
0.8351
3.5333
3.125
8.7471
0.536
10.0263
3.8068
2.25
4.43
1.7083
8.2954
3.7049
1.4444
4.3523
2.214
4.6141
2.8608
3.8214
7.8279
4.45
3.1028
2.5902
2.25
4.425
5.4886
1.4427
3.6389
4.196
3.2846
6.3617
2.631
3.3616
2.4211
6.1943
2.1797
4.0068
4.6
3.0819
2.5224
2.2725
7.6518
12.2547
6.9772
3.2048
1.5347
2.1736
5.1637
2.3152
2.5625
3.5848
3.5072
2.2697
1.9063
5.3602
3.6694
8.0839
2.9646
7.2648
2.5637
3.25
2.8426
6.0162
4.0
5.9357
2.2687
5.9214
2.3882
5.1221
4.625
4.2008
5.3988
2.2462
4.0474
5.6846
3.4769
8.4352
3.5313
1.8664
1.7727
2.2868
4.6705
1.1553
2.9125
5.6383
4.7431
2.9541
3.7083
3.9205
4.7437
6.2957
1.6382
9.4356
3.125
2.2254
1.8277
2.6181
7.3356
5.5
3.4561
3.0476
5.4351
1.6228
5.0
3.1042
5.5376
3.0963
3.4239
2.585
2.7535
6.0198
5.1071
1.1296
4.7022
3.6974
3.8668
6.3066
3.455
5.4607
4.8542
6.8233
4.8155
3.9784
3.7083
6.2425
4.0972
5.6738
4.5263
6.0335
6.6272
4.221
5.3986
3.8162
4.2287
3.4856
1.6111
3.4125
6.0501
7.9556
7.5139
7.2217
5.3241
3.0865
3.2639
8.5574
6.0905
3.5
6.1935
3.0263
2.0278
4.9801
2.5658
2.8155
3.8125
1.5615
6.2236
2.1221
2.875
2.4211
3.8323
3.7
12.2138
2.0286
4.8611
2.9565
3.4875
7.8496
3.1691
4.0
4.125
3.7611
4.1912
2.8684
4.3533
1.7708
3.2917
3.2952
1.2969
6.6719
3.5426
2.125
3.6341
3.37
3.0208
3.0613
1.9688
3.5833
6.0302
2.6667
1.3615
7.7752
1.9286
2.6818
1.7292
3.1087
2.1136
5.0325
3.925
3.5833
3.62
2.19
2.0294
2.3382
2.1898
4.5833
3.0587
1.3583
1.5875
5.7376
2.2206
10.6868
2.983
9.0702
2.475
1.869
6.1563
3.4943
6.7571
4.5179
2.6458
2.4348
4.8831
6.2726
5.8692
2.6544
3.3516
7.2494
3.9286
5.0142
3.4205
4.4615
6.0226
2.7829
4.1837
5.6441
2.8372
8.0639
3.9583
1.179
6.5783
2.0785
2.0476
4.2727
5.1028
4.5083
3.05
4.6587
4.5881
3.0396
4.3359
10.1768
4.3173
2.2391
2.9559
4.7727
7.2074
5.1333
3.038
4.3971
10.7309
1.525
3.0625
3.2303
3.6667
4.7216
10.1854
2.1411
5.3351
2.7284
5.8666
3.5096
3.4107
2.7813
5.296
2.8906
6.1426
3.1176
4.25
4.4562
4.9968
5.1677
2.1417
2.3816
5.1741
5.752
1.5281
2.2882
2.92
4.615
3.5455
5.5164
1.3952
4.25
1.4688
4.3621
1.6267
2.5417
2.8167
2.4931
2.4003
2.9137
4.025
4.8295
4.2054
5.9539
5.1104
3.1591
0.9274
3.3125
2.4531
4.5936
2.0
5.8519
3.2845
4.4821
3.9766
3.7321
1.8967
3.7813
4.6875
13.4883
6.4095
2.943
2.3929
2.9301
5.259
4.0238
5.1701
2.0216
3.9408
3.6546
4.7159
2.5625
3.6
3.0284
1.9425
3.724
3.5353
4.1518
5.7812
8.468
4.0833
1.3882
3.1375
6.4678
5.4035
4.0417
3.6629
2.2122
2.9196
2.0335
6.2946
1.7896
1.5326
5.0641
3.3375
5.7078
4.0208
2.8583
4.9079
4.0687
3.0
1.7788
2.8512
5.9359
1.3668
3.7344
3.1719
3.1766
3.5417
3.7813
3.4228
4.1875
2.0878
5.7301
4.0529
5.0292
4.25
3.449
4.7159
4.1161
4.806
4.5568
3.7619
2.4896
5.1265
3.069
2.375
5.4132
4.0
6.1624
2.6506
3.5045
2.4322
6.4913
7.8537
3.5187
3.2765
1.2286
7.6473
6.431
5.0483
1.6728
3.1906
13.367
6.3824
2.4432
6.0382
3.0417
4.5521
3.6354
2.4929
4.3859
3.8274
5.0796
2.6623
6.2096
2.1548
1.9286
1.7153
2.2222
1.7393
3.4138
3.2663
2.1563
0.9809
4.1926
3.5893
2.3199
4.4769
8.9248
2.5437
3.4233
4.0208
6.0336
2.0976
3.3393
2.625
5.1765
5.7912
9.2225
2.2905
2.1935
3.2642
2.7083
3.0723
2.5625
3.3491
4.5606
1.9556
3.2404
2.5398
4.05
1.8828
5.0594
1.8894
4.7679
4.6172
3.4394
6.887
4.0357
1.6369
3.6417
2.947
6.2683
4.3214
3.125
5.0081
4.4375
1.7813
5.7695
3.0704
6.3842
3.2188
4.8906
6.4385
3.0943
2.5762
3.8235
7.1035
5.2759
1.4812
7.3081
3.6071
3.4583
2.3506
2.7928
2.6111
3.1726
5.3819
2.1722
4.3145
8.9063
4.3309
6.5533
4.5791
4.1641
3.9038
1.2617
4.1375
2.1458
1.6346
3.9613
3.7381
4.1325
3.4545
4.3333
0.8106
4.9984
2.9853
7.4597
2.4398
4.4236
5.0662
2.0703
5.0509
3.7292
5.9878
3.8173
2.3594
7.1425
1.8594
1.6641
2.25
4.2569
3.2177
3.12
2.6974
4.1292
3.875
2.75
3.4073
1.575
2.0804
6.2924
2.6944
2.2167
0.8691
3.9922
8.7589
3.3409
4.7986
14.4113
3.2377
6.9113
3.5893
2.5909
2.1474
15.0001
4.8684
7.7876
1.8616
3.6719
5.4322
2.8828
15.0001
3.0465
9.1531
4.2768
5.125
2.4922
9.9071
4.5757
5.3506
6.67
2.6488
6.5195
8.2782
5.0092
12.8879
4.5042
4.5769
10.1122
2.3464
1.2056
1.8112
4.3182
6.6579
2.2234
3.7167
1.681
2.1366
1.4821
3.5329
3.3056
3.8542
5.6411
2.2639
1.9386
2.1023
4.0658
2.4318
3.1484
3.7875
2.7375
7.4559
5.4716
4.0568
4.4312
10.9405
2.7468
2.1378
4.7
2.5985
1.5506
2.8403
2.2109
3.1205
3.7826
2.065
2.1542
1.056
4.1812
5.5596
7.2392
2.5933
4.0924
9.6986
2.8021
3.8893
3.4167
2.9091
2.5893
5.2729
4.0
4.5332
1.8362
4.1071
2.6083
2.5639
4.918
5.0
5.503
10.476
1.3571
3.4799
4.6389
2.2982
3.0703
6.6988
3.9333
6.844
4.8021
1.5625
8.4721
4.3428
4.625
4.1405
1.6833
2.6298
4.5428
3.4421
3.0469
1.7395
3.4375
2.6607
3.6719
5.6112
3.8505
3.2125
4.1964
5.0969
3.3375
4.1974
3.0882
3.6583
3.0139
3.8162
5.1702
7.0217
3.8247
1.2235
2.2857
2.375
4.0833
3.125
2.0673
4.5833
4.8981
2.2443
2.817
5.2742
2.7386
6.0516
1.6667
3.75
4.0526
1.517
1.7548
3.1786
5.1909
1.5817
2.0734
3.4609
4.1875
3.3672
3.5192
3.8062
4.125
2.1845
2.1827
3.1106
3.1799
3.6602
5.7104
1.4254
1.8039
2.3929
2.7159
2.5809
3.9826
4.1162
3.9063
4.5
4.2188
2.0571
2.4659
1.6719
6.4044
4.7132
4.5759
8.2673
4.46
1.5313
3.7337
6.1324
5.0267
1.9556
3.25
3.2689
3.6375
4.0327
5.1442
2.5263
5.1163
3.6429
3.2235
2.8657
8.1248
5.4787
8.9565
2.4353
4.5562
4.1635
4.7375
4.9355
2.9345
2.037
2.67
2.1553
2.3304
3.0526
3.0521
1.2157
4.6445
4.3542
3.6301
3.2778
6.4761
5.759
3.4701
3.7969
2.3725
1.8641
4.6364
5.3678
3.9063
3.225
2.6493
4.0156
4.2826
3.6815
4.375
5.5942
4.9589
5.6293
3.4531
1.0424
4.5221
2.0699
3.0529
1.6471
1.7378
4.1667
4.3125
3.1312
2.1691
2.8056
7.9013
3.9718
2.5402
3.5294
1.5
2.7036
2.9844
5.1641
3.3472
1.3971
4.3527
4.5938
5.1991
5.0468
4.0156
3.9792
1.6731
2.9667
1.6685
4.1618
5.0012
1.5429
2.885
3.058
4.9306
4.1612
2.0921
2.6071
5.1187
4.4391
3.1406
4.5553
2.6771
2.7231
3.1458
1.2863
2.1957
6.8189
3.3411
3.95
5.6573
2.5833
2.9781
4.1667
2.7115
3.125
4.75
10.7355
6.5004
3.5278
3.7813
4.3
5.3638
6.3303
4.3365
2.75
2.694
1.6429
1.7609
6.3639
1.913
5.5981
3.0078
5.419
4.4628
2.4
4.5022
1.9531
3.3608
3.3421
5.4851
2.8125
1.9893
1.5972
1.5057
3.9722
2.503
6.299
2.7955
6.3215
4.4583
3.0139
5.9181
2.3365
3.5486
2.4333
4.0911
1.972
3.5296
3.3026
2.4375
6.1561
5.3963
3.5022
3.6212
2.0048
3.3937
1.6232
6.9794
1.6579
4.9662
3.0446
3.569
3.6791
4.7404
2.01
2.7845
3.8646
2.9357
4.0326
3.7188
3.15
3.3125
1.9631
2.2536
4.5221
3.0132
1.4514
7.4351
2.3266
3.6389
5.7789
3.3514
3.2212
2.7188
1.586
2.6364
5.8543
2.0243
3.8682
3.0091
2.3309
2.2059
2.9934
4.0968
2.2538
3.7308
3.125
3.5054
4.0328
4.2415
7.9794
2.8285
3.1061
3.825
3.6705
5.4889
3.0833
4.1775
4.6696
10.3416
5.5191
3.3958
5.118
6.6959
4.2383
2.9688
3.6974
1.9621
2.5382
5.1265
3.1667
4.5057
1.9881
5.8415
5.3098
7.8375
2.5385
7.0671
6.0604
6.4313
4.2188
4.1883
4.0505
2.3594
4.4491
4.084
5.0871
1.8897
3.244
4.1875
3.6437
2.2679
4.6727
2.9485
3.3594
4.35
1.5735
4.8702
1.2813
5.0126
3.8516
5.7268
4.9732
1.6354
5.5
5.4513
2.0467
3.0434
6.3955
9.5551
6.0247
2.9583
4.7
4.0781
6.3612
6.7851
3.765
13.947
1.55
6.2089
9.5561
3.944
4.2071
2.5769
4.125
6.7413
3.8239
1.8163
2.1875
3.7188
1.15
5.4617
2.45
3.3438
1.3824
2.7614
6.4865
6.7228
4.0089
3.125
2.8646
2.8167
5.0822
3.1667
3.7462
4.5417
4.0071
3.2674
3.8029
5.3184
6.8645
2.3375
6.7371
4.8424
3.9485
6.0743
1.7207
1.6146
4.0324
5.4449
3.5967
4.0313
1.6103
1.9125
2.5568
5.8371
2.8882
4.7308
2.2393
2.121
3.75
3.9861
3.75
1.468
4.2386
4.5461
1.881
4.0668
6.0804
4.15
2.1553
7.1882
4.3288
3.1917
2.7797
2.7031
3.2097
2.25
1.9741
6.2384
3.3523
3.4937
3.363
1.0481
3.5109
0.9518
3.133
6.1359
3.2197
3.0043
4.983
1.8396
4.2308
1.6838
1.7016
2.6038
2.56
2.2604
3.7125
4.6547
3.4402
1.6971
5.25
2.625
2.5875
3.3289
4.275
3.0298
4.5746
2.9072
4.7731
4.1141
1.825
2.375
3.37
3.2941
2.1875
5.1915
2.8393
5.1506
3.5156
0.536
3.5174
3.7917
4.7344
1.4792
1.7566
7.3693
3.6696
2.2863
4.0516
1.2206
5.5224
8.1064
1.56
3.475
2.725
3.071
0.8641
3.6333
2.3664
3.4016
3.375
5.3495
1.8696
6.5853
3.1354
4.7437
3.5335
4.5817
2.186
2.9861
4.15
3.0964
4.2031
3.4083
5.0362
2.9219
8.9021
4.516
4.175
10.49
5.1985
3.3021
5.5842
3.1435
3.5341
3.4234
4.3015
4.9867
3.6607
4.6118
5.3006
1.3587
6.7138
6.5704
2.875
1.3565
4.2042
2.2865
5.5405
15.0001
3.0089
4.8333
3.5357
2.5469
3.6
3.6875
3.2917
11.806
3.5179
4.3286
7.7197
5.2548
2.5772
3.0383
11.9993
4.2386
5.8587
2.975
2.2024
3.588
4.9779
3.1553
3.65
1.7961
4.8152
6.276
2.3375
4.1172
3.8828
2.9306
3.3971
1.9
6.5706
1.9875
3.75
0.8024
1.1522
3.5295
6.6828
5.1624
5.7416
4.0217
5.1423
6.1333
5.1785
4.8
6.4468
3.9646
3.038
8.7394
3.4013
3.0489
2.5625
3.1361
4.4821
4.2788
3.4632
3.3941
5.6271
4.5699
5.1169
2.0
6.6888
4.0048
8.735
2.6983
4.1563
1.6221
2.0706
1.9038
3.1326
1.4464
4.4033
6.2045
2.1838
2.6964
2.1078
1.9034
5.5951
2.6759
6.5829
8.7991
2.0694
3.0252
5.225
5.2088
3.5
2.5417
7.3445
2.3098
3.0972
3.1103
3.4722
5.4038
1.7995
5.0258
3.6694
4.2471
8.9669
1.8977
5.8143
3.6898
2.325
2.4526
4.125
6.3298
3.1406
3.2596
2.9375
1.7596
6.9612
2.2071
5.112
4.275
2.0833
4.9432
4.1607
4.1047
5.5456
3.0089
2.4598
7.0309
2.6611
1.8641
6.2838
4.3661
3.3594
4.2852
2.9832
3.6949
2.6561
3.6289
6.9544
3.0379
1.8833
5.0863
3.1505
3.1563
2.4196
15.0001
1.5071
2.066
2.6962
3.385
1.0398
3.1375
3.9875
2.1
2.5812
4.0313
3.3802
1.9531
2.9063
3.3062
6.0531
2.4135
5.033
6.357
2.1062
2.2467
5.1149
5.8382
4.0972
2.7917
5.7368
5.3283
3.6875
3.2723
5.6223
4.2985
4.2614
2.6875
6.3267
3.4286
0.844
1.9647
4.1118
4.6923
5.3366
4.1205
3.8672
3.017
1.875
4.9219
4.4583
4.9766
3.2806
2.6607
5.2134
7.8392
7.3521
5.282
3.1458
2.2448
1.9821
1.775
1.625
3.3669
3.9
3.825
1.9107
3.8667
2.0187
4.4611
1.9439
3.1395
6.1636
2.1484
4.0717
2.1581
2.3958
5.6631
1.7616
3.8295
5.143
2.9554
3.1103
4.0268
1.8529
5.2533
4.9236
2.6923
4.4539
3.4934
5.2806
2.8125
6.5928
2.9286
3.2705
1.0
4.1667
1.5429
3.9667
1.684
4.2075
4.7952
4.3644
4.4125
2.9107
2.7139
4.7045
4.25
3.3675
1.4688
1.3904
3.8984
4.6029
4.9926
5.3989
1.7824
6.2817
3.1597
3.4906
6.6818
3.3625
1.7675
4.45
1.6611
3.1528
4.5272
3.3942
2.2917
2.3977
3.0
2.8913
3.8512
2.0433
2.1603
2.0074
2.5955
1.7386
6.8695
5.2954
3.5
1.9327
3.1667
1.6168
10.5142
4.2396
7.5557
2.1205
3.575
4.2386
3.2052
2.1013
4.5833
3.9091
6.6246
6.1009
2.3043
6.8901
1.8694
4.0625
1.9231
3.2083
4.7287
5.399
2.9643
2.3523
5.8783
2.2672
4.4408
2.2768
2.753
6.4788
2.8348
3.79
3.1051
3.65
2.309
4.6005
1.6667
3.7083
2.0089
3.0682
1.9083
2.5863
6.1551
4.3654
4.7667
3.3654
2.6033
10.8758
1.275
2.0802
3.2619
3.2448
3.7292
7.3252
2.9779
2.0625
2.2817
3.5719
1.95
10.4415
7.2045
4.2132
2.7473
2.1471
2.125
2.925
2.712
5.6488
1.8235
5.0311
1.9306
5.4659
4.1344
2.2444
3.6597
4.3409
4.8611
2.7697
5.4663
3.4018
4.0938
8.9571
4.3625
4.0855
1.2273
3.75
3.6729
8.8386
5.2297
6.0777
6.918
2.1295
2.5924
3.5
2.1927
10.0285
3.4514
2.8868
4.0208
3.9375
1.9405
3.5735
5.5777
1.625
5.3316
4.4081
3.3235
3.1972
9.9025
5.7871
4.7463
3.9038
2.9444
2.5208
2.025
2.6165
3.5625
1.5594
4.5074
5.6163
4.3125
3.5402
3.975
2.5885
1.7538
3.4542
3.4193
3.75
6.0677
4.6667
5.1039
15.0001
3.155
2.6897
5.7211
1.1051
2.375
4.4135
3.567
2.1522
2.8009
3.1534
3.462
4.1111
3.0
4.73
7.0808
1.5685
3.2083
3.3067
1.9659
2.1767
1.6136
5.0519
1.1601
4.3419
1.6645
5.0357
2.8312
5.7778
3.5352
4.4318
1.4066
3.9141
5.4903
2.8438
8.1513
2.2264
3.5391
2.3333
3.5313
3.7292
4.2656
3.6588
5.4791
2.8406
4.675
4.2009
10.9722
3.2333
11.6648
3.5568
6.3308
2.4519
3.825
3.2516
3.1736
0.949
2.096
4.8164
6.0705
2.8042
3.0222
5.048
3.7109
3.725
6.6833
1.2292
1.0617
3.52
5.0234
2.7143
3.0208
4.0909
3.4427
2.1955
3.0114
4.3594
5.2949
2.3
5.1061
3.8826
2.2559
2.3789
5.6235
2.8818
1.7062
4.6312
4.4063
6.6086
3.8047
3.0
2.7356
4.3864
2.3929
4.1827
3.1667
1.8942
2.1515
4.35
3.6417
10.5575
2.6579
0.9708
1.7823
4.8894
1.8056
2.7917
5.3292
3.7431
3.4375
3.5909
3.25
2.6312
4.2028
5.8602
2.6019
2.1977
3.2356
5.0384
3.017
1.9798
3.1742
2.8182
4.9464
2.825
3.7422
3.25
2.2961
4.4464
5.5321
6.86
2.2215
3.625
4.1652
5.2519
7.7201
2.8036
2.4653
1.7679
1.6896
5.2522
3.8103
4.5987
3.538
3.5568
5.5
2.1406
3.015
3.025
6.5784
5.3157
5.4225
3.2321
4.875
5.741
2.4122
5.1097
2.375
5.2773
2.0521
5.6406
4.6458
5.4834
4.1372
1.7109
1.6348
2.0372
11.6833
4.375
5.253
4.0208
4.4712
3.7961
7.9393
1.9458
2.3571
3.4306
2.7457
2.4618
2.8864
3.6292
4.0727
10.6349
2.1667
3.7143
2.0042
5.1072
4.3875
2.5729
2.625
6.0255
3.87
1.2375
2.8561
3.95
1.8385
5.0255
1.7104
2.9437
2.6658
2.0064
1.8589
1.64
4.2232
5.0201
4.3909
2.5
2.2277
4.4659
2.0062
4.1296
3.1053
6.3434
2.1029
3.8839
4.0598
2.8466
2.5486
2.5262
4.7861
3.8542
6.8039
5.5224
2.0848
3.6111
3.0078
4.3836
7.6659
1.8355
3.0877
2.433
4.5701
5.2949
4.2414
7.9283
3.59
2.6098
1.6667
3.3393
3.075
2.9167
4.5417
2.0
5.6277
4.7679
1.7237
3.6765
3.108
2.5313
2.75
2.9511
3.994
2.5042
4.5278
5.2146
2.1696
2.1467
3.2321
1.8636
3.338
3.1801
5.3994
7.6107
2.5536
4.0446
4.2222
5.5507
3.7143
3.2125
3.375
1.625
4.3952
3.7727
1.2625
2.5224
4.2109
2.3816
4.747
4.7723
3.0833
4.4559
1.9375
10.5144
2.1411
2.4943
2.5363
3.75
2.1182
1.0
7.916
10.7097
3.5078
5.0524
4.0764
5.1966
3.01
1.9702
2.1458
2.3636
3.9712
2.225
3.4827
3.4598
3.7437
5.9919
1.7
2.8036
8.3924
5.0044
3.3281
3.6726
5.0
6.2917
4.0039
3.0096
2.4728
1.2778
7.5813
2.1719
3.4044
1.6797
4.1293
4.0893
7.8453
10.4549
4.025
7.0907
7.6986
2.2992
6.8742
5.2049
3.7312
2.5913
5.2287
5.6409
4.0132
4.5893
3.0519
2.3125
3.495
3.875
3.4485
3.1987
4.2143
3.0466
6.0667
3.2679
3.4312
3.0179
5.6529
7.736
2.5183
1.9722
5.3015
6.2742
2.0147
4.0473
3.75
5.3602
1.8472
3.6039
2.425
4.375
4.7917
4.0769
2.6417
1.5313
4.2344
2.3558
3.176
4.2554
2.8793
5.2719
2.6974
3.4844
5.1738
5.2817
3.0409
4.3816
2.3917
2.8967
1.6331
1.9355
6.4247
3.4402
1.1903
3.5931
7.8772
2.5
3.55
6.2456
3.4605
5.75
2.5714
5.815
6.1863
4.3214
5.0201
4.2891
6.203
3.256
3.2386
4.7344
5.1261
7.5975
6.8482
3.3681
2.8728
5.6918
1.725
3.3966
3.7252
6.3359
3.3958
3.6111
4.51
1.275
4.4167
2.1141
4.625
2.6629
4.5268
2.3942
4.0
4.9135
4.3472
3.1591
5.7519
2.4259
3.5556
5.8747
5.5433
3.9866
8.0499
5.0
4.835
3.1953
2.1875
6.1575
6.8564
1.2227
4.2414
4.7356
3.2026
5.4842
3.071
5.2655
4.2639
3.2768
2.5787
2.8021
1.505
2.6397
4.1597
4.375
2.5625
2.4896
4.6048
5.8399
6.5284
2.5714
5.4727
1.4387
0.9437
3.0
3.9615
1.6033
3.0
6.2308
2.6172
2.2743
4.9861
3.5189
3.6885
6.8407
3.2222
7.5412
3.5795
5.1984
3.1806
5.6611
4.0329
1.6198
4.5625
3.6976
1.7847
1.642
3.292
2.4375
5.3767
8.093
1.7169
3.3977
3.233
3.3929
4.4472
3.7188
8.111
3.3844
4.2061
4.4583
2.6299
3.9028
4.0391
4.4653
5.5292
2.0333
1.2667
1.6812
3.9
3.2083
4.2417
3.9191
7.5845
3.8615
3.0509
7.3588
3.1992
2.506
3.75
3.75
2.375
7.9217
3.3846
2.2991
4.9375
5.9174
4.3375
2.9183
3.7636
4.5909
6.2488
3.1796
2.6146
3.6875
5.34
2.7457
7.0568
5.2015
5.6349
5.3363
5.5051
2.2169
2.5035
3.6449
4.2353
3.6788
1.7574
3.9922
2.2903
6.6207
3.9038
9.5862
4.1659
5.806
4.8281
2.6806
3.3333
5.6093
3.2154
3.915
2.6635
4.5714
3.6354
6.2079
2.5964
3.4338
3.191
3.2679
7.8164
2.0595
2.2604
5.0374
4.8611
6.2247
3.0703
4.1
3.29
2.5686
5.2614
2.2969
2.9438
5.2861
5.2101
5.1664
4.625
3.8125
5.4533
1.6955
3.7036
3.9943
5.6139
2.5536
5.742
2.4
2.2974
2.6597
8.2266
1.4663
1.8704
2.9647
1.5954
5.2072
1.5667
2.5185
3.9728
2.9817
1.8512
3.3333
4.3176
2.9732
2.1042
5.5456
2.7128
3.0603
1.7206
3.775
5.9199
3.5192
3.2875
5.2227
2.875
3.6852
2.575
5.3785
2.0952
3.8125
6.177
3.9464
1.8793
7.629
13.6842
1.6029
4.0709
3.055
3.5164
6.3699
3.8333
2.5437
6.4752
2.925
3.425
10.3354
4.4375
5.5429
1.7188
7.5752
8.3956
5.0066
2.4
2.8681
3.5268
2.8565
0.7403
5.0499
3.1603
6.2971
3.5083
2.369
4.5461
5.0285
5.565
3.1415
3.1937
6.1724
10.1989
3.287
4.355
5.3664
3.7313
5.3041
3.3598
2.273
2.3971
4.1675
5.0462
1.2679
5.0551
3.4583
4.3646
1.9203
4.6087
3.8003
5.22
2.1987
3.9265
1.8539
0.7235
4.9335
7.7846
7.2731
2.0285
3.4875
2.7545
3.8531
3.3906
2.8448
3.5893
2.8029
1.7306
7.7852
4.7328
2.6133
7.1997
3.6619
2.7477
4.6554
4.6731
4.6719
3.0536
5.0198
6.4797
2.7072
3.2391
3.4299
2.4878
6.3809
4.375
3.2396
5.1773
3.0927
3.6648
4.125
3.2862
2.8125
2.6757
5.966
5.5599
2.7083
2.5577
3.5179
1.5303
2.3
2.0708
4.1445
4.875
2.1394
4.5278
2.6591
2.4896
4.875
4.025
8.2364
2.9559
2.625
4.0542
2.6447
3.1204
6.0062
15.0001
3.875
3.3984
3.6121
1.4481
1.7574
3.3274
5.2032
7.1754
2.1782
2.8352
3.6516
3.0799
2.6587
2.5114
5.5446
4.1141
4.1458
3.8534
5.4868
3.6389
2.315
3.0426
5.6582
2.5511
2.5357
2.1591
4.6389
3.8203
4.1429
7.5
5.8411
11.3283
3.675
3.0054
3.0859
6.4266
2.1173
5.7059
2.7857
3.0824
3.1442
3.5772
3.7589
9.2327
2.6673
4.6591
10.0825
2.3475
5.9582
6.1834
2.8446
3.175
2.0875
1.6435
2.5909
5.5148
3.0197
2.1417
5.3961
3.3627
4.2917
3.4643
4.625
5.152
2.564
2.7292
2.2875
3.415
5.2138
2.8682
1.9191
3.1765
1.6575
5.6018
2.2245
2.694
6.1244
4.3807
2.225
2.3942
3.9833
3.0919
4.6364
4.1
5.5137
4.6023
4.8073
6.2403
4.6997
4.625
8.1988
5.4063
7.6709
4.7375
3.7596
5.375
3.814
7.875
1.7308
2.4881
4.4435
2.7243
10.2264
2.1377
2.5476
2.4828
7.0879
7.7799
3.0938
5.392
5.6758
4.2051
4.875
4.2375
3.8047
3.6492
3.5296
3.3558
2.1923
5.1335
2.9554
5.9547
3.5417
1.1793
4.7344
4.4964
5.4829
7.1621
3.2027
2.625
3.0147
5.2155
2.3365
3.1667
2.5735
6.1834
5.8362
5.2508
3.05
3.7568
3.4539
4.3281
4.5382
6.8429
3.6111
2.2417
4.515
3.2344
3.6818
5.635
3.9167
0.9702
1.6111
2.6906
3.3603
3.2891
5.8083
2.9821
3.0833
4.9237
1.5714
1.9615
5.7862
1.7052
2.475
4.3438
1.0962
1.815
3.3917
7.0895
6.2299
2.175
3.8582
2.2258
4.0194
5.4819
4.375
8.1844
6.8492
3.175
1.7451
1.9923
4.0144
3.9219
2.8125
3.0685
4.0547
3.4167
4.0385
2.0437
1.8692
6.5261
5.0864
2.3724
3.0043
3.0139
2.3289
2.2794
2.7634
6.2152
2.3359
2.2813
4.5987
3.0288
3.2321
3.2788
2.4167
2.6442
3.293
2.5813
2.3578
2.0673
2.0938
3.662
4.4209
3.2794
3.4455
1.9762
2.4821
15.0001
5.2361
2.824
2.7816
3.2622
2.1406
4.3056
2.625
5.7121
4.125
2.9324
2.5179
1.7885
3.3875
2.625
4.175
4.9957
3.6736
1.925
1.9063
1.4178
4.9125
2.9716
5.0362
1.7031
4.2219
3.0651
2.9937
2.6402
3.2708
2.8859
2.29
6.5095
3.4419
3.6125
4.1818
2.6719
4.225
2.4567
2.9402
2.8519
2.5179
6.5146
3.2969
3.6007
2.2548
1.845
5.1009
2.9219
2.75
4.5329
4.8214
5.0762
1.6887
3.0354
3.102
5.1356
2.2431
3.5735
7.5
2.6709
3.5129
2.7969
5.3679
4.5
2.4519
4.2944
2.7759
3.0846
6.0936
3.6275
1.1912
5.7083
3.9702
4.3906
3.3536
4.5568
3.3882
2.5682
2.7188
4.6417
3.5547
2.2552
3.375
2.1727
2.3333
3.9659
2.6951
3.925
3.2031
15.0001
3.5781
3.875
3.0507
2.6705
6.2427
4.3636
9.1415
4.8185
2.45
3.2112
6.5253
3.2813
3.75
4.0729
2.6546
5.6315
3.055
5.6345
2.425
4.5455
6.5143
5.606
4.2099
2.5122
2.8795
4.7344
7.7854
3.0938
4.875
5.611
3.7188
2.6895
4.5281
4.25
3.2663
2.8493
8.4438
1.9779
4.175
2.2337
3.4423
4.1029
3.3427
1.7714
5.8798
6.14
4.0921
2.7864
9.7796
3.6827
4.2917
2.71
6.0689
1.625
3.7303
2.9559
2.7778
1.55
1.6477
6.2862
3.2216
6.1091
3.5972
1.5714
3.6094
3.2361
1.6094
1.0568
2.2321
2.6083
3.5714
5.8178
3.631
3.9732
1.324
3.0393
5.5402
4.0625
5.4171
2.879
3.4306
3.1576
1.4007
5.0526
3.4474
2.7054
1.5
2.0685
5.8269
5.0
4.733
2.3566
5.6501
1.1468
1.9271
5.0309
4.337
2.3333
6.5989
5.5767
7.4185
1.3571
2.1357
8.7716
6.1949
4.105
4.7411
3.5586
10.156
2.5043
1.7765
3.7841
2.3224
2.07
7.6286
1.6505
3.0804
2.593
4.4102
4.6424
2.6
3.5234
3.0536
6.213
4.7422
2.1953
3.7459
4.5815
3.5517
2.1552
7.218
2.0651
2.2917
2.0357
2.4612
3.407
2.4821
11.2979
3.7159
2.3603
4.0781
4.4861
2.7679
3.6375
3.1204
2.6758
3.4265
4.9005
5.102
1.7204
2.8167
5.6513
1.3191
3.2813
4.2716
2.3125
2.6385
2.25
2.2925
1.9375
2.8971
3.9722
1.9074
4.5147
2.0809
3.875
3.3897
3.0956
3.2813
2.5804
4.636
4.6902
6.641
2.9688
4.0
4.7135
5.2951
3.2011
4.8021
2.4667
4.9688
0.9338
2.2094
4.0375
3.0938
10.7721
3.488
3.7175
2.9213
1.6534
2.85
2.0658
5.6407
6.1935
3.3281
4.625
3.0965
3.6875
1.3177
6.4958
1.245
3.0192
4.4375
4.1128
4.5078
6.6087
2.7171
4.2458
3.7337
6.4441
1.822
1.5407
4.3676
4.2407
1.1806
3.9167
5.9254
7.7006
5.0206
6.3489
2.1779
4.9777
2.8964
2.3261
1.4653
3.6413
1.8077
3.65
6.0622
5.0681
2.3277
2.0575
3.7011
1.9727
2.6838
5.9399
1.7898
4.2227
4.0294
3.9327
2.45
3.4773
4.0972
3.9063
10.7937
2.3594
3.744
6.3047
5.0406
6.396
3.8681
3.4107
9.1508
3.5488
2.2208
3.512
5.5413
3.5268
2.2027
5.575
5.2375
3.94
1.125
4.071
6.0824
4.4094
7.5791
4.7332
1.8781
3.7708
4.1042
3.7652
3.994
3.0263
3.7083
2.2146
5.5779
5.779
3.9741
3.1023
2.6087
5.1831
3.4312
1.5372
3.7381
5.0497
1.7572
2.0562
2.1908
2.7574
3.235
3.875
2.0547
2.7121
5.1582
3.399
3.6033
4.2143
2.6
4.2895
4.3812
2.5446
4.0484
10.0088
3.0917
2.1944
4.2969
1.4719
3.8992
3.1776
3.4375
3.6364
1.3594
3.3389
3.2778
6.1464
5.7837
3.3368
3.7736
3.5051
2.2755
5.144
2.7083
2.135
7.3681
2.5893
4.5272
6.0809
2.9107
2.4167
4.1169
2.1343
3.1042
4.8167
4.0332
2.8903
1.5625
3.2963
10.2948
2.6014
3.1104
6.4744
10.5045
2.2222
3.875
9.4522
3.7344
3.5112
3.4784
5.0782
2.0673
2.1702
5.0492
1.9107
3.25
4.0196
4.6076
2.8214
6.4598
4.5208
0.4999
2.3542
2.45
1.4936
1.5727
4.0469
2.2
5.3777
9.459
4.1939
1.5833
3.9323
3.7708
3.512
5.7405
3.3269
8.1125
4.1779
2.2071
5.1752
1.0391
3.6375
4.0352
2.8929
5.6687
7.0796
1.125
3.4531
1.8906
4.988
4.5662
1.9583
7.0318
4.5893
2.455
2.875
1.4712
4.8125
3.2115
0.8438
5.0779
10.8634
4.381
2.4844
4.4474
1.7125
1.3967
3.0057
8.7382
2.9
5.0862
2.625
6.1481
3.9741
3.0206
2.1875
4.9464
2.2269
11.1978
2.7317
2.8321
3.6031
3.7895
2.0156
1.9028
4.15
5.1788
4.5625
1.7696
4.2463
5.3671
4.1875
3.1012
5.212
4.0362
5.3423
1.725
3.1757
2.5199
2.7838
3.6378
1.6027
5.6549
3.748
4.3468
1.9531
1.2469
2.4071
1.5872
2.875
1.6571
1.875
5.6235
4.1121
2.3889
3.2361
5.6683
3.6053
1.7976
4.3039
6.5501
4.0417
8.1548
5.2868
1.78
2.4556
4.3472
3.8967
5.3767
2.7566
1.3417
2.8942
4.125
2.2981
4.725
3.7546
2.25
3.1
1.4668
6.6897
4.7909
8.3695
4.1727
1.3021
3.7974
4.5
2.3654
4.2396
3.7132
3.6023
3.1906
3.9539
6.3911
2.4688
2.9167
3.3621
4.0776
1.2989
1.925
3.6019
1.5069
6.1668
3.2875
10.0346
3.6217
2.0672
4.436
1.9213
1.7885
1.2746
2.9388
3.2292
2.6726
13.5728
4.9618
5.6785
1.5086
2.7188
6.7809
3.0445
3.0306
5.1784
3.4485
2.4861
2.9141
3.0795
3.07
2.5156
6.1868
2.6923
2.7543
2.957
2.4968
2.3
6.5078
1.8214
2.5893
2.0388
2.2813
5.9567
4.2992
2.4821
3.0766
3.7054
3.4519
2.0025
2.5714
2.2232
2.6538
5.4299
1.747
4.0655
1.9946
3.3833
2.4808
3.875
1.6343
4.3008
2.9844
3.4279
5.8305
2.6544
2.2364
3.7734
2.8906
2.2679
4.7361
2.1125
4.6771
3.75
5.2384
2.89
2.0096
2.0325
3.3447
3.7986
4.0268
8.1001
5.368
7.0173
2.5859
3.7
2.6942
1.3962
6.2558
3.6673
4.5
2.525
4.3424
4.45
5.2555
1.625
8.155
1.0208
3.7419
3.25
3.8125
1.51
3.0472
13.1477
4.9516
6.1359
5.2299
2.3393
1.7656
3.0882
2.0658
3.9443
5.997
2.25
4.2672
1.275
6.4517
3.8792
3.5125
3.623
4.2589
5.6205
1.7391
5.253
3.7321
2.151
2.9886
4.6641
3.5625
2.6321
5.3441
2.3125
2.4833
4.1652
5.4591
8.583
6.1076
2.0288
5.07
1.7411
2.933
10.0259
2.0417
4.0833
2.1542
6.553
1.5547
1.975
3.1287
3.6894
2.6976
7.0102
3.3333
1.6652
6.0959
3.6467
2.7778
3.2574
2.9201
7.8997
2.3882
4.4732
1.8529
1.7813
2.3203
3.6219
5.1118
2.1875
3.7049
3.117
2.1473
2.2448
4.6607
8.72
4.0109
1.8652
5.0653
2.375
3.3009
5.2131
5.2962
3.4145
2.5552
3.9231
7.1134
6.8145
8.7051
2.1484
5.0091
3.4883
4.9519
3.4871
4.8125
6.1281
6.3054
1.7622
2.125
3.25
0.9227
5.883
2.5405
5.7361
1.5313
3.8179
3.2656
2.9219
4.9375
1.755
4.9676
6.0296
1.6691
3.1746
4.0844
2.625
3.5429
3.1838
6.348
1.695
2.9958
6.1493
4.6944
5.6999
2.7712
5.5385
3.4643
3.6587
3.1568
7.7569
6.6004
1.9937
3.0465
3.375
6.1995
6.4956
3.625
3.0742
4.3125
6.0132
1.5517
3.8875
4.1483
4.3571
4.0337
8.2436
5.0639
1.875
4.6069
1.6406
4.485
3.2981
6.0531
4.2071
3.5094
4.4636
4.0417
5.9493
4.1218
1.2281
3.8934
3.2566
2.4044
2.3
7.5274
2.4167
6.227
6.2976
3.1641
4.4732
4.0507
2.913
4.2083
4.2262
4.35
2.1842
3.6007
4.375
2.4732
2.3859
5.0452
2.125
2.723
3.6028
3.9352
7.1736
2.5795
5.3661
7.2965
3.7813
2.9097
3.8631
3.1083
6.5881
3.3882
3.0625
1.0
0.7685
2.9911
2.75
2.1333
4.1716
4.8953
4.3833
4.5179
4.6875
3.5074
2.3906
6.3716
2.85
3.1733
5.4631
5.5787
4.5588
3.7312
3.4792
4.1023
2.1062
4.1932
4.9757
4.0962
3.3125
2.7614
4.8836
4.6667
4.7386
5.1585
2.975
6.0175
3.1728
2.1667
3.4006
2.6641
3.2031
3.0817
4.1932
4.0813
2.9844
1.1185
1.6378
2.0186
2.4559
1.4125
3.7321
2.93
2.8056
2.5368
2.5625
4.1151
4.875
1.8008
6.0794
1.3274
7.2316
4.9808
6.3331
2.3284
4.4135
5.0
5.5789
2.2301
2.125
2.6161
3.575
7.4219
3.1731
3.1618
2.875
2.246
5.273
2.0677
3.2125
3.8413
3.6273
1.2962
3.7798
3.3333
1.6987
2.4233
9.4667
3.6148
4.8295
3.6587
7.3141
5.93
5.0784
2.2813
3.599
2.5754
3.6563
2.2898
2.5074
4.8068
7.8336
6.0132
2.4196
4.5962
5.9094
2.6964
3.3699
3.9028
1.7566
3.1875
6.7181
2.256
2.2981
1.2969
1.6531
2.1375
4.2361
6.5764
6.2047
5.1036
1.5227
2.3716
3.1806
2.2612
4.4453
4.75
2.7234
5.3813
2.6322
5.7559
4.9107
1.7257
1.1705
4.9219
5.2081
4.8068
3.4222
4.1279
0.7684
4.6696
6.9408
2.9526
2.2391
8.7783
1.2049
3.0978
4.8958
1.9132
4.825
3.2574
2.9054
1.6559
4.4766
5.4024
0.7069
0.9817
3.1827
3.5915
1.6563
5.1002
1.4583
2.2188
2.1406
4.1304
8.039
2.735
6.0797
2.2596
2.5833
2.6553
5.422
2.6083
1.9571
5.2077
10.675
5.0275
4.125
4.2037
3.1042
1.933
8.4331
3.9417
3.2308
2.1793
1.2188
4.875
5.4527
2.7411
2.625
4.5053
3.8598
8.3837
4.1875
2.1046
2.5392
1.9809
2.2431
2.2566
7.4141
2.5509
2.1528
2.1759
9.4664
1.9767
5.1457
2.7375
2.25
4.7953
3.5455
2.7708
3.522
2.1935
6.5858
2.7083
3.6917
4.18
4.2308
3.8684
2.5993
7.5696
4.3229
6.9584
2.589
2.8547
3.8171
3.1923
3.3478
5.1782
4.3667
3.5781
2.5261
2.6452
2.3599
1.9405
3.9205
4.7604
2.48
2.7268
2.0205
7.8924
4.3281
5.6949
3.0199
3.0491
5.2017
1.6654
5.7837
2.0441
4.0109
2.2545
7.6129
4.745
2.9974
2.625
2.68
3.3988
2.5313
4.2206
4.5648
4.7804
1.7083
2.0
5.7979
3.8125
5.5181
1.608
3.6989
2.7243
1.9797
7.2779
3.875
4.7821
4.4271
10.6605
3.1941
3.0
1.7727
7.4056
4.8125
1.9423
3.0035
2.875
2.2429
3.5288
2.925
8.5136
3.6953
4.4063
6.3237
7.3769
4.3851
4.8229
1.712
2.1711
2.1875
5.5871
6.0289
2.6734
4.0985
9.8177
2.9554
4.0052
2.1806
4.3523
7.8904
5.7984
2.9293
3.225
1.9309
5.6629
2.6238
7.8252
6.213
5.2145
4.2137
2.5536
2.1746
2.375
5.3707
6.4755
4.4
7.9213
4.0965
9.0267
4.0446
5.5221
6.6766
4.75
4.2625
5.6779
1.7054
1.3894
4.8021
4.036
6.0224
4.7857
1.2096
1.577
3.0804
4.1645
6.7544
3.7963
3.4426
5.6765
2.6696
5.2955
2.5395
3.625
5.5161
3.4643
4.8125
2.5556
3.0592
5.3439
3.3393
1.9208
3.851
4.1406
3.0074
2.1538
6.6916
3.1563
2.3148
2.2227
5.1515
3.625
3.1964
4.9792
7.9059
3.4107
5.0659
4.7071
4.2708
4.7557
2.1284
2.8941
2.6827
4.125
4.0119
6.1062
4.711
2.8031
8.1189
4.1719
9.8892
3.8864
3.5878
5.3279
2.57
4.9375
3.1641
1.2857
2.1182
6.4559
3.5507
1.5536
5.0
3.7007
1.7567
3.5417
1.7514
0.9304
5.0493
4.3586
6.6772
3.2083
12.5902
1.6977
4.2281
2.1705
4.2621
3.15
5.6184
2.625
7.8627
3.0
3.0089
1.9093
2.9936
3.2596
2.7798
7.6877
6.1731
5.3369
3.9461
2.5592
1.6993
2.681
5.133
1.5633
2.865
4.9323
2.1176
2.6528
5.3743
1.7
1.3291
7.6886
5.2497
3.0
4.5724
4.2429
3.5711
1.5147
5.0
5.0427
2.3929
2.517
3.3188
2.7256
5.1354
2.5227
3.4047
4.3333
2.293
3.4777
4.4063
3.1429
3.4236
1.0714
2.5038
3.1786
1.8661
1.0649
5.4609
2.1111
3.3289
5.1024
2.5
2.8229
10.3599
4.4551
8.0073
2.2746
1.9946
2.9714
6.6632
1.5491
4.675
3.8654
1.4712
3.0398
3.5528
1.9387
3.7143
2.5313
3.0125
1.1687
2.7375
3.1985
2.5893
5.7407
2.9386
4.8717
7.2905
3.1719
2.3942
3.1509
5.1695
0.6825
2.2981
3.1333
3.1333
1.6116
1.2656
4.239
4.1859
2.5739
5.2563
5.1629
4.3397
8.1194
4.9394
2.4053
3.5078
2.9484
5.4324
5.3705
2.3015
5.1587
4.4637
2.3887
2.0244
3.5035
3.4133
3.75
2.0077
3.4412
2.7012
1.7279
4.0368
2.2188
3.7348
4.2312
5.5198
3.3942
2.558
3.0573
4.375
15.0001
4.1818
0.9614
4.3194
3.0687
3.5417
3.9732
5.4863
3.5962
3.2452
5.2323
5.0787
2.425
3.0404
4.0625
6.2464
1.8571
3.6964
11.8603
2.5833
4.5
4.6923
1.867
3.7768
6.6827
2.3171
3.5938
2.3233
2.6214
4.1696
2.2708
8.5294
2.6091
5.0562
4.69
2.6165
4.275
4.0603
6.6288
4.4286
5.1202
5.7157
4.125
2.9185
4.9517
6.1599
4.2564
3.9792
3.4612
2.8021
2.5445
4.3553
4.1148
2.2202
4.6477
2.3929
9.1569
2.7727
15.0001
3.755
5.8691
2.6193
3.9583
3.0777
5.0497
2.8258
2.375
5.0796
0.9196
2.933
3.1306
2.2422
4.9234
4.5478
5.0417
4.2321
3.0491
2.0875
4.9904
1.721
2.1212
1.5272
5.9641
3.9698
2.3043
5.8151
2.5682
1.7772
3.375
4.1053
5.5944
4.125
4.1577
5.7281
4.0231
2.4016
2.0538
1.4583
2.1447
6.4666
0.7591
5.0869
2.0227
2.1731
3.0347
2.182
2.4744
5.1129
3.5441
2.5896
2.1101
4.4432
5.9596
9.6465
2.8812
1.7333
6.626
5.7942
3.3578
3.0921
3.7617
3.4741
6.6635
3.9118
2.1574
4.5581
3.1127
3.3839
2.9457
3.5625
3.7708
4.0547
5.1948
2.1389
3.1375
1.275
4.7877
2.2981
2.7
3.3431
3.3456
4.0039
7.1088
5.2016
10.4399
6.8939
10.2311
3.5333
6.5
2.1472
1.9766
3.0565
2.1776
2.12
2.3617
5.2328
3.1523
3.2937
4.1458
3.1493
3.7361
1.0955
3.008
7.9184
5.0353
3.3713
5.5067
2.5764
4.5726
1.8388
5.6817
2.64
2.5875
4.4519
3.5789
1.6923
2.5694
4.7266
2.8438
1.8264
4.7965
3.1546
4.0495
2.2899
3.6161
3.5104
5.5849
1.7262
2.6266
4.3462
5.697
6.1436
3.5556
3.1538
4.6312
5.1512
6.759
6.5851
3.3068
3.6196
3.0926
3.7917
4.7778
1.0918
6.1898
2.5598
5.0795
3.0833
5.1478
3.4773
3.6389
2.3917
4.6625
6.1104
6.5722
3.0904
5.6436
5.0733
4.2098
3.8643
2.8333
3.1483
5.208
5.1995
3.055
2.8333
2.0357
5.8855
2.5119
9.1228
6.837
5.7858
1.8125
1.9423
3.4205
3.7411
3.2279
6.0
5.4165
4.2593
6.5437
2.6065
3.2417
5.8322
3.3967
3.3534
2.1969
3.3849
4.4609
2.2844
3.0181
5.2485
2.7826
1.8
2.1507
4.1449
6.381
2.1949
3.4722
3.015
1.2069
3.5
2.7437
5.5422
14.5833
5.9145
3.8194
6.04
3.8038
6.1509
3.6397
3.5435
4.6528
3.1369
2.875
4.3269
3.0268
3.3977
2.3967
2.6667
1.9952
2.5455
1.7938
3.0833
2.5035
3.6969
2.3333
3.7896
4.4205
1.8656
4.9148
6.0859
2.225
8.3912
2.875
2.7
6.5304
5.3508
5.9907
3.0125
3.5714
2.625
3.6523
5.0106
1.3594
4.0393
2.3944
1.8015
8.2827
1.7262
3.5385
2.2976
1.5208
1.8633
10.8045
2.7463
5.0159
2.6991
1.4866
5.1433
3.1201
4.0714
3.4792
5.3028
2.8529
4.3426
5.6826
2.7011
3.8333
4.525
3.9934
4.5987
2.2562
2.6371
2.6121
1.6929
2.0
1.9688
5.5658
0.6775
2.4667
6.7813
6.9635
1.4044
2.6801
2.4866
3.1917
3.625
4.6333
4.8583
2.267
2.3583
2.4828
4.537
2.0353
2.8698
2.1974
1.0658
4.3897
4.5833
3.6128
2.6339
2.8348
3.1439
3.5878
3.9856
4.4286
6.0597
2.0882
1.4301
3.085
2.16
1.7411
3.0179
3.6019
3.9028
2.5625
3.9024
5.9734
1.9066
2.8421
5.7385
3.9063
4.7171
2.1766
2.8489
1.2668
4.2386
5.7664
3.0288
4.25
4.5357
4.0388
8.8204
2.2361
4.7083
4.2204
4.2062
2.9955
3.8
1.5771
4.5179
1.2065
4.1303
6.379
1.7292
2.4213
2.4706
2.3438
4.2454
2.4167
3.1719
6.2319
3.2258
5.9225
1.6384
3.9798
4.1739
6.6227
4.0
2.108
4.8906
4.6304
2.0192
4.2917
4.3036
3.5972
2.4688
3.0727
3.4706
5.2542
2.5966
8.3608
4.0187
3.5313
3.0278
7.8347
3.3281
5.0464
3.4659
3.225
2.2102
2.8125
10.7397
11.4537
1.4063
2.4792
2.621
5.6895
3.5525
2.3281
3.5114
2.6055
6.1244
4.6389
4.0774
2.7708
1.023
8.0838
2.3384
2.4722
2.5352
3.415
1.9167
3.375
6.155
4.425
3.1103
7.2137
4.3351
3.7891
2.0577
3.3661
3.35
3.1403
5.1249
2.1864
1.7297
3.1755
3.1875
4.2937
3.1838
3.1304
3.9773
3.0221
2.5259
3.8021
4.2019
2.1187
2.1908
2.7639
9.7194
2.4821
3.1912
2.6827
3.9699
2.4583
4.0379
2.4659
2.1667
4.4375
3.0313
3.0161
7.1885
3.0893
4.0227
3.6321
3.6406
4.2
1.2937
4.6932
5.0473
4.7049
3.2589
3.6953
6.1426
6.7449
2.0395
3.2368
3.4773
4.2292
2.1154
3.6
4.2788
4.1865
2.3974
2.892
4.2857
3.1719
2.4345
2.1111
4.425
2.8039
2.1618
2.9939
3.7054
3.025
1.2813
6.6727
1.6437
3.851
5.6147
4.3986
3.9688
5.1292
3.7414
4.38
3.7366
3.4543
4.9297
6.6661
3.5694
2.875
2.7266
4.7241
3.6597
5.0634
2.5986
1.5781
2.8788
3.6471
5.2206
3.0139
5.0532
1.5029
3.7727
1.7418
3.3281
3.2763
2.4701
1.4851
2.7109
1.473
4.5764
1.9044
5.0194
1.3007
4.4271
3.0114
3.1484
3.9306
4.8059
3.9583
3.2135
5.2043
4.6369
2.0982
3.8269
5.3999
3.8935
1.528
6.4339
5.0631
2.575
3.6364
4.5347
4.7222
6.2344
3.0234
3.7655
1.8438
2.0284
8.2049
0.8804
4.5673
1.6065
11.2093
3.0691
4.6019
4.5625
4.03
2.3295
6.2517
1.705
3.5234
3.375
1.8446
3.7731
3.6771
2.1542
7.5992
3.6528
1.2254
1.3922
5.015
2.6765
7.2379
1.8438
3.8056
5.8309
3.0987
3.5208
2.7694
7.4111
3.1315
4.125
3.125
5.1896
2.4672
3.4583
3.3906
2.8542
4.4766
4.2875
2.9452
1.1667
2.3125
1.7188
2.9821
2.6055
4.1667
4.2109
2.225
6.0471
8.5421
3.6467
4.6473
3.0313
2.1781
6.9223
4.4958
3.2396
2.6591
3.5595
5.2578
5.6336
5.6605
3.8594
2.2007
3.6442
4.4777
2.6518
3.11
2.3015
3.8465
2.3152
1.3929
3.8214
2.6429
2.2308
1.9479
4.7179
3.5562
2.8942
5.47
3.2059
3.0875
2.5875
7.7068
3.3229
3.8542
2.5156
3.875
5.2019
2.625
4.75
2.1289
2.02
5.0
3.975
3.1312
2.4777
2.9231
3.2935
3.141
0.7068
2.4943
3.4531
3.9954
3.968
3.7045
1.3
1.5625
3.2171
3.3036
4.0714
4.5913
1.4815
3.8177
4.7984
6.4664
2.525
3.5
2.3424
3.2121
2.525
3.1842
2.9922
1.8958
4.0781
4.7275
4.0341
2.1979
2.7474
3.5625
3.8616
6.1321
5.0824
6.2987
7.9767
2.9688
4.4792
5.1805
8.565
3.2303
3.1765
3.6875
3.7198
2.8194
7.8864
3.725
1.9152
4.6852
2.6635
3.1719
4.4063
1.47
2.4219
2.3333
2.502
5.3889
5.2121
3.7844
3.5
4.2083
3.2708
2.6991
3.0139
2.4263
3.5404
4.6898
2.3792
2.5703
4.6591
4.25
2.575
1.5608
1.8771
2.125
4.7773
1.6678
3.5156
6.0661
6.135
4.9135
3.654
4.9107
2.875
4.125
2.3466
4.0536
4.1957
5.1616
6.5743
2.851
2.1571
2.1094
1.6118
3.0915
6.471
2.7232
3.0625
2.5383
2.303
2.3006
1.3611
2.2574
4.0147
2.0702
3.6786
4.1339
3.6107
1.1875
4.1488
2.6875
3.2011
2.7072
5.0399
6.7694
3.5364
4.1842
3.9414
11.7045
4.0972
5.363
3.7545
2.7153
4.0833
4.1458
1.4107
1.724
2.7379
6.2781
2.4036
5.8221
2.9812
6.2034
2.4632
2.6098
2.0134
2.5587
3.665
3.2481
3.9844
3.375
15.0001
10.3661
5.5918
5.1874
2.543
3.7885
2.811
3.8
4.064
1.1311
6.194
1.3134
7.6016
2.9688
4.4063
3.7292
2.0391
4.4828
2.898
2.1734
1.4913
1.2
2.378
3.8952
4.0729
3.3824
3.7479
3.8125
5.0453
2.3272
9.5245
6.5964
6.706
2.3029
3.694
0.987
2.5234
6.487
3.006
3.3393
3.8065
2.2017
2.5495
4.037
3.7933
3.7794
3.1739
5.2571
1.9028
4.175
3.0395
4.0682
3.1458
2.6782
5.6613
6.1278
2.1532
2.314
6.2953
6.3997
4.1806
7.2986
6.8007
3.5659
2.3347
1.9728
3.7045
3.4048
4.763
2.7885
8.2405
5.3668
4.8237
4.6957
2.3056
3.575
4.1328
4.8862
3.3958
2.4464
3.0298
6.3528
3.163
6.5138
6.3131
5.0915
2.9583
2.6042
2.9219
3.9167
6.8279
5.2079
4.3152
6.1004
3.8333
2.5208
3.5357
8.1397
3.3015
3.175
4.6312
5.0965
4.2083
2.7031
3.025
1.6354
2.6298
4.4394
3.3636
1.5479
2.2925
2.3787
4.2837
5.3363
3.6294
1.5515
2.8611
1.756
5.0151
5.0131
3.0
1.043
2.6382
1.2614
0.7075
2.9107
3.5322
3.9375
3.1859
3.2539
2.2643
2.9896
10.1299
3.6094
2.0185
2.888
2.7222
2.0
3.2813
7.6832
5.5362
5.5395
4.0
2.5446
5.3135
2.964
4.1287
4.6713
5.3245
2.4962
5.6094
1.9209
6.5151
1.8958
2.5978
2.629
2.5333
3.2702
2.8727
2.9792
1.5642
2.125
2.2132
5.5696
2.25
4.3203
2.9591
4.9429
2.0586
2.3667
2.5417
2.5721
2.3818
7.7848
1.8672
6.4288
5.521
3.625
3.0294
4.0519
4.0039
4.0673
2.0308
5.5842
2.7958
3.4063
8.1586
5.6912
4.4342
3.474
4.3393
2.0174
3.7422
1.24
2.473
5.4939
2.1829
3.256
5.7509
3.725
2.2
3.5852
2.0074
1.6178
6.1383
2.3681
1.0714
7.6771
2.1154
7.9068
3.2196
1.7969
4.4437
4.5313
7.5552
5.3167
3.2176
2.7174
3.0217
3.9345
1.6389
4.5213
3.0435
2.6797
3.1373
4.0214
3.3611
2.5
3.8864
4.875
4.1058
3.6
2.2917
4.2381
2.1863
3.9934
7.6245
4.2875
2.5
3.6154
5.1836
1.8
6.8474
2.7411
3.0319
3.375
7.79
5.723
1.5556
2.5625
3.7478
6.884
3.9265
2.7625
3.6071
6.1185
3.4886
4.1312
10.9201
3.9306
2.5875
4.0862
1.9779
4.1713
2.2361
4.375
4.0057
1.4189
4.6528
4.9236
3.2042
2.63
4.2917
6.4745
3.7455
2.5521
3.0139
1.7375
7.9885
6.777
4.25
3.8117
2.5882
4.0313
4.0815
2.8929
4.3929
1.7446
2.0398
4.3512
5.5519
2.9167
2.1094
7.167
5.0164
3.9022
2.6094
3.066
6.1309
3.1071
2.9821
6.5841
3.5893
3.2833
2.1324
7.457
6.5538
8.8742
2.4167
4.8958
2.7143
4.267
2.1217
4.9706
3.4
2.9911
2.125
3.445
3.8529
4.6354
2.2639
1.1912
3.3081
5.0
4.2135
5.7295
2.1094
2.56
4.125
2.3667
3.1753
4.7543
5.1377
2.5556
2.4107
3.9607
5.7613
6.8194
1.6786
2.25
1.2175
5.0318
5.04
4.8889
3.0568
3.3438
4.9286
3.8156
5.3755
2.6082
2.599
5.1795
10.9601
5.4876
3.0167
3.5231
2.0903
2.625
3.1736
1.8801
3.1957
1.8814
4.0536
1.4617
1.875
5.7705
2.7301
2.4607
3.016
2.4554
4.4375
4.0096
1.7106
6.2685
2.8357
1.583
1.9125
4.1378
3.6484
1.6038
5.6756
3.1768
4.575
1.9688
2.8542
3.0313
2.2115
4.1964
4.3333
2.1937
2.5663
2.8892
7.2988
6.1288
1.6351
1.9145
3.3553
3.1136
2.8
2.4516
1.5613
2.1591
4.0222
5.785
7.9125
9.3092
3.8105
4.131
5.93
2.1838
5.2124
3.2422
1.8929
7.0245
5.0457
3.276
2.9619
1.1853
1.5319
4.1678
4.5469
5.7192
3.8421
5.2818
4.0614
5.4797
3.2308
1.4492
5.2987
3.9464
1.6574
2.1094
3.9615
2.895
3.6895
1.4194
2.3562
4.4239
3.6359
2.2917
4.7024
3.7933
1.7411
2.3
1.75
2.2847
5.5654
3.163
4.5577
5.4609
2.875
1.8365
2.25
4.0083
2.4931
3.5179
3.4213
5.0704
3.2734
4.7679
9.1232
4.2685
2.6071
1.4767
3.0
2.125
3.1446
6.8323
2.4671
1.4432
3.7147
4.1458
1.2647
4.5592
2.3056
2.462
5.4663
6.2788
3.3661
4.2143
3.0495
2.3173
4.65
3.5096
4.0313
2.0577
4.5667
4.559
3.3724
2.5806
1.4722
2.619
3.9375
2.7083
4.0905
4.325
3.8409
3.5885
5.3582
4.3833
2.6406
6.2712
5.5875
7.5488
3.2405
0.536
3.0602
5.8864
5.193
6.6779
3.6607
5.359
2.7891
2.1442
2.6364
2.0956
1.3241
5.7338
1.5089
1.7159
10.6514
4.4357
2.6042
5.2405
4.0
4.0159
4.0
2.2423
3.7167
1.6037
4.4397
3.1923
1.7143
3.3155
3.7585
4.1282
3.2289
3.225
3.766
4.1321
3.7863
2.7763
5.2292
0.9336
2.2105
3.676
3.4032
4.2443
2.4
2.3224
3.9537
3.5909
1.9356
4.3723
2.5938
2.5694
5.0543
5.6454
2.5947
8.6677
2.2907
2.3068
1.6833
2.0326
3.3409
2.0094
1.6875
3.1442
1.7857
1.4196
1.4375
4.4934
1.6821
3.0069
3.1597
5.7421
2.1061
3.4042
4.2109
3.0707
1.0208
2.1397
3.8333
3.1033
6.148
3.5909
2.1563
5.4459
2.1468
2.1111
3.4265
2.6328
7.4678
1.5917
2.6062
5.615
2.1992
2.8139
3.0608
7.1831
3.5551
4.4821
2.1362
2.1029
4.8625
8.3617
4.1429
3.125
3.7368
5.2915
3.0687
5.3735
1.6389
2.8654
3.5804
2.4716
4.0417
6.2182
6.0256
5.8642
6.0873
3.5978
4.3125
4.6442
3.2331
3.7156
3.9125
8.4443
4.2917
4.2614
6.8588
3.1771
2.5568
4.9464
1.6785
2.0524
1.4828
4.9239
6.7527
2.0583
3.5625
4.642
3.9375
4.2989
2.3253
2.5687
4.4375
4.6611
5.8891
2.4444
1.8839
2.8125
2.5148
1.0298
2.0313
1.8299
2.9712
5.6015
2.3674
3.3107
0.8984
2.6442
4.7703
3.2799
5.2155
5.0294
3.5052
3.9688
3.1654
3.7206
2.5668
4.8359
9.8321
5.285
5.551
3.9696
3.3669
3.9091
1.1642
4.9222
6.4576
5.5902
8.0144
3.3208
2.2538
3.5208
1.5156
5.2851
2.5841
3.05
5.2099
1.375
2.6884
2.6667
3.4032
1.9597
1.0333
3.2857
3.1944
2.5795
1.625
4.3056
2.4964
1.6111
3.33
5.343
2.9297
1.9028
2.125
1.6034
2.7216
1.6645
3.5083
5.5351
3.5917
4.175
2.3241
2.6673
5.249
2.9312
5.795
6.8268
4.45
6.0948
1.5455
2.987
3.375
5.0947
2.3
5.3044
3.3827
5.0224
3.1845
4.3077
3.25
5.0407
5.5919
3.7912
2.7875
3.4219
5.6637
4.7031
2.0221
1.1136
6.1287
1.6007
3.6534
5.7245
4.8611
1.9135
6.8107
7.4837
1.7552
1.9835
2.0885
4.0313
4.5568
6.1726
2.8058
5.5
3.3693
2.9417
2.7841
2.5417
4.25
3.815
2.6806
3.0227
2.7813
2.6635
2.5238
3.692
2.8438
0.9288
6.3579
5.6254
1.9125
1.6302
8.0
2.7969
2.6842
4.5278
3.125
4.4896
3.1654
2.6311
4.4375
2.1637
2.3
2.1641
5.4719
3.59
1.4619
6.9508
3.7109
3.5541
2.9583
1.7208
7.3878
3.7045
4.9485
2.4623
1.7276
2.7209
2.4375
3.8854
2.0817
3.1731
1.2344
4.4271
2.6573
2.9063
3.625
6.9414
3.8594
5.7528
5.9629
2.2132
1.65
4.125
4.8382
6.0672
5.9191
3.1607
10.6796
1.5
4.1705
3.0101
3.6607
1.2902
5.0227
12.3292
4.2386
4.0926
4.5278
1.2575
2.9133
3.875
2.3438
4.625
3.6875
4.1518
5.1695
4.0125
4.8224
3.2073
5.1691
3.7687
3.25
4.5743
1.8042
3.2
3.6936
3.8307
4.7125
3.0
1.6094
2.5
2.7009
5.8659
3.5313
6.2423
6.1359
2.8056
2.9167
3.6995
3.0134
5.0389
3.3083
5.6402
1.3811
3.8897
4.75
10.4286
3.1818
3.6036
4.2149
4.0972
4.4107
5.5629
7.3004
3.3703
3.1792
2.9564
2.343
4.8125
3.3472
3.3333
4.9886
1.875
3.2167
7.4001
5.4896
1.7891
5.1008
1.7388
3.625
3.0909
3.2643
5.485
3.9815
2.8988
3.7262
3.2011
1.6172
2.3317
6.8729
2.2544
6.8787
4.625
2.1602
3.4375
3.4125
4.1071
2.1563
3.0694
2.895
2.3403
2.2054
3.5192
3.4792
1.7844
11.1228
2.9688
1.6875
3.0217
2.7727
7.521
7.2651
3.2344
2.2132
4.6477
3.5655
3.038
2.6458
4.1731
1.625
1.9318
2.1667
3.099
2.0469
7.3715
3.087
3.129
2.8043
2.0441
5.2692
7.2025
2.697
2.4359
2.965
4.1739
3.2594
4.7396
5.3561
3.9612
3.0682
3.9331
1.7813
5.2642
2.3438
2.5238
5.397
5.102
3.745
2.6384
7.2812
4.1379
4.1687
3.625
2.625
1.875
5.2359
4.9962
3.0087
4.8929
7.6059
3.1667
4.0208
2.3833
4.2375
2.2357
1.8333
5.0917
7.3843
3.1975
5.9378
5.7524
7.0935
2.3804
5.8899
15.0001
5.0118
3.9566
1.9818
1.4844
1.4397
8.284
12.0088
6.8
5.1512
1.3807
1.7794
5.9346
5.748
2.5909
6.2984
3.4482
2.625
3.125
5.0762
7.1472
5.0574
5.6877
2.936
3.5172
7.3003
1.0208
5.7653
12.4291
5.5218
4.6912
2.625
5.0186
6.9133
5.2249
4.0924
3.0288
5.0431
1.077
3.0313
2.3314
5.5
2.8846
2.9559
9.3603
1.3029
5.2447
5.3794
12.2478
15.0001
4.075
4.0694
6.6361
3.0455
2.3333
2.4688
4.1484
3.3562
4.25
3.6987
1.8819
5.1333
3.6991
2.9509
4.0417
1.5163
2.9539
5.5291
2.1083
3.765
1.5739
6.2475
1.2762
4.5938
1.9805
10.8783
3.175
4.0993
4.5052
2.5536
2.0775
2.0213
2.7366
2.3241
4.8311
3.2315
2.7788
4.5357
3.0521
4.5066
3.0682
2.9414
6.1896
6.0494
2.6111
6.1359
3.6455
1.9886
4.4375
2.2321
5.5601
2.0881
8.798
4.005
7.0329
3.6682
4.8686
3.6447
3.6719
4.7143
6.0389
4.0179
5.3468
2.5625
4.1717
2.9965
5.1496
2.9545
3.835
4.551
13.8093
4.75
2.2321
4.1615
1.6675
2.6604
3.925
4.0873
1.3523
4.7734
3.6187
3.052
3.5128
4.5304
6.7769
2.675
4.2292
4.2096
2.9063
5.4555
3.375
2.2386
4.3182
2.2721
2.1731
3.2019
2.325
5.2444
3.1111
2.569
3.5189
2.6932
3.0862
4.9844
3.7614
2.3882
11.5706
6.2223
2.8092
5.2
2.625
2.3886
0.4999
5.0187
9.8346
3.025
3.1576
1.8281
6.4211
2.0161
3.0433
3.0549
9.5268
3.5081
3.4227
3.7188
4.0658
1.4146
2.75
7.6091
2.4375
4.6944
7.001
3.0952
8.7835
4.2136
2.8042
1.8209
8.7385
3.1441
3.494
2.875
3.3333
7.3195
6.1419
1.6469
1.8375
3.809
9.0243
12.9792
1.5561
3.4886
3.0217
2.4405
5.9277
5.637
1.3571
1.4375
1.8606
2.76
2.0682
4.4844
6.9903
8.4411
0.8543
3.1944
6.2715
5.1786
3.5746
4.4063
4.5045
3.24
2.6343
4.75
6.4894
1.0096
3.6875
8.3634
3.5078
2.6875
1.2059
2.9605
2.0871
6.3017
1.5417
4.233
2.2716
1.8977
3.3333
3.4817
3.2188
2.5556
6.7496
4.1167
3.6812
4.0154
3.0
2.131
6.0718
3.7973
2.8173
3.8456
4.725
8.0074
3.609
3.5066
2.0
4.163
6.868
3.7238
6.8299
5.084
1.5109
1.9564
4.0
2.3846
4.2143
1.7228
1.9955
3.7727
7.912
4.975
10.7339
2.7042
3.0147
1.6389
4.0662
4.6875
3.7237
3.2202
2.6598
5.5337
3.6361
4.0648
2.25
1.8685
2.4497
1.9483
4.825
5.1545
2.5769
3.5227
3.8676
3.25
2.8466
6.2452
3.95
8.3188
3.3603
3.1771
1.7935
3.7167
3.2052
8.0137
2.1078
3.3268
3.2292
5.6177
3.1897
3.93
4.2037
5.3344
5.3644
3.5694
4.877
4.8187
4.6563
3.6169
5.246
3.024
2.5275
2.125
1.59
3.2946
4.2723
5.1271
5.0827
1.6196
1.625
2.4414
1.5885
2.6198
2.2372
5.726
2.625
3.1319
1.68
4.2639
1.4554
5.0731
1.8333
2.4677
8.8612
2.4044
2.5759
4.4655
4.6154
6.6355
6.7172
3.1133
2.8523
3.5234
3.2645
1.2904
5.1529
3.2845
2.8994
3.1042
3.3603
3.2955
3.6964
2.006
5.0106
5.0832
4.95
2.3611
1.8801
7.2639
8.3065
6.0994
4.1857
5.3558
2.3641
4.1289
2.316
3.2375
3.7083
5.6038
3.5532
2.3958
6.3427
1.8466
5.2128
2.7143
1.4871
1.6911
5.6889
2.8097
4.9559
3.8158
2.9562
2.7411
3.6458
3.3618
4.5
1.7083
6.6536
3.2431
3.1599
2.0446
4.6625
5.8123
4.9
1.6522
3.9559
3.2614
4.9676
4.7222
3.81
4.6833
5.3911
2.1036
6.6312
1.7328
1.7292
1.7452
7.6775
1.8208
4.1667
2.5847
4.9107
3.4679
8.4389
6.1985
3.5646
3.4902
6.8268
2.2765
2.1759
3.7162
5.9683
1.5957
3.3621
3.8
2.735
4.3029
3.0833
2.0724
10.9529
5.2039
2.162
3.2929
3.3047
5.1952
4.0208
2.7917
5.318
1.899
4.0122
6.1684
7.2582
4.0357
1.1557
4.5
1.4766
2.4688
4.125
10.0791
3.1528
1.95
3.7969
3.7143
7.3023
2.0469
2.442
4.8036
2.3062
4.0526
1.875
3.5489
3.2131
2.9583
2.2656
4.8145
5.5
10.0914
2.9926
6.6537
4.875
3.5208
1.9219
0.8964
4.7472
4.1836
4.5523
3.9575
3.4698
6.0321
3.4219
3.6118
4.6648
2.3167
7.2845
4.061
3.875
4.75
5.529
3.9099
5.7039
2.6899
3.4833
3.6474
5.5469
4.3409
3.1895
5.9507
4.2782
4.2986
4.0132
3.1875
4.1552
2.1944
2.4798
2.0089
2.06
4.4545
5.6482
3.9871
3.6477
3.5745
7.203
5.2319
3.1364
2.7708
1.8993
2.9441
4.3864
4.0156
2.0087
3.8796
2.67
2.675
3.5987
10.7582
2.8403
2.0258
2.0
5.417
3.0789
4.0625
2.8648
3.6875
4.3081
3.35
1.808
2.1838
4.3409
4.5594
4.3008
3.7083
2.7381
3.5985
2.5562
3.5865
2.125
1.8317
5.8521
4.6437
6.3586
4.8571
3.6486
4.9806
2.9422
3.5302
8.1872
4.7926
4.1995
2.978
6.9391
1.5931
2.1009
2.375
4.088
1.8911
2.0548
2.875
8.2664
2.1518
5.0761
6.4018
3.1563
3.2333
4.2216
2.5104
3.1373
1.564
5.2801
2.1985
5.9024
10.1007
5.8133
9.8091
3.0185
1.7945
2.8202
3.2287
4.4875
2.6458
3.3479
2.8971
1.7214
4.8088
6.6073
5.5073
1.875
2.9167
1.432
2.6767
2.6875
6.0097
3.201
6.3064
3.9816
4.0077
1.4028
10.1531
3.6167
3.225
7.723
1.5114
3.9766
4.5744
3.4
2.75
1.832
5.2937
4.5352
6.2162
4.3897
4.6477
2.4728
5.4286
2.9315
3.3182
3.2239
2.7188
2.7125
7.7773
4.1264
1.8625
2.2188
3.7958
4.7875
2.197
4.275
2.9803
3.58
3.2617
2.3125
2.2197
1.8125
6.2907
3.765
2.3056
5.5647
3.7352
5.5277
4.0987
4.0036
6.0842
2.4375
4.0208
2.4583
3.1538
6.0992
5.244
1.0472
1.4036
3.0349
1.9402
1.8958
2.2132
0.9946
2.1339
4.0631
5.2366
4.5625
5.4386
2.9506
4.0109
2.0769
5.5057
5.4051
2.9125
2.1458
4.1417
2.4048
5.1584
4.1576
3.4531
4.0556
2.125
4.4489
2.4283
2.6429
2.0184
3.9097
3.5363
8.051
1.6767
4.3977
5.8283
2.4583
3.8984
4.5293
4.2875
3.5592
4.5714
2.6439
2.1429
3.6895
1.6789
11.3074
3.15
3.06
4.1029
3.7321
7.4201
4.2719
3.5192
1.9265
6.1074
7.5112
2.45
3.7813
6.7861
2.5156
1.975
1.9483
2.5842
8.0755
4.3601
5.3209
4.233
2.3917
5.038
1.375
3.2545
6.1557
1.3527
4.3942
3.9107
3.0568
4.57
3.5481
5.6874
3.7105
3.84
4.775
1.9531
4.1406
3.5
5.078
1.9185
1.8906
5.5514
3.0833
10.8805
1.4511
4.069
2.1975
3.1902
5.4399
3.724
3.8068
3.8029
3.6488
1.62
4.1607
2.2813
1.4415
3.7404
2.9191
4.7569
4.2841
2.6713
7.2315
10.2289
1.8238
2.1979
3.3182
1.1326
5.0596
2.6538
2.9074
3.1129
6.311
1.1859
1.3373
4.125
2.6833
2.5187
0.9166
3.1118
8.5888
5.2549
5.1681
1.4167
4.8056
1.625
1.5854
1.5195
5.4243
4.1083
4.2404
3.9196
3.5114
4.6779
1.3125
0.4999
3.0687
2.9853
3.7143
4.2654
4.6628
15.0001
2.4167
2.5352
3.5052
6.5847
2.5625
6.4223
2.1736
4.1812
3.0179
2.4167
2.7054
4.8536
1.398
4.2312
4.1033
2.3967
2.25
4.2578
6.6603
5.5266
2.8448
1.9766
2.1667
2.5
2.5388
6.6369
2.2097
4.8811
4.6184
3.875
2.3864
2.4609
2.785
4.1099
3.9243
3.358
1.8939
3.1149
1.9851
5.3077
6.6031
6.917
2.625
7.5
4.5615
1.6953
2.425
4.6518
5.6168
3.3125
5.0865
3.1392
2.3456
2.1
8.4196
0.7445
3.6042
2.788
4.95
2.1182
8.6123
5.269
3.4028
4.6978
5.5798
5.7768
6.1395
14.9009
2.4937
4.2192
2.07
4.8646
5.1282
5.6304
3.0533
4.3571
2.0595
4.3631
2.125
2.8906
3.233
3.8958
3.0559
5.0086
2.5192
4.7708
2.0208
3.6937
2.6368
1.9583
4.1458
3.9
3.9054
5.4298
2.925
4.5
4.7386
7.8705
1.8086
2.5833
4.3594
3.1289
4.962
2.7219
4.9083
3.703
2.3375
2.761
4.0521
2.4792
6.1237
2.0242
4.4531
3.6181
1.8289
1.8472
5.0622
3.8529
2.6316
3.0352
2.5658
1.9088
5.2909
4.6838
2.101
6.4211
6.1388
2.6149
4.9091
2.5868
3.7917
3.0147
2.2297
2.7483
2.7917
7.2982
3.0
6.0701
4.05
2.1833
6.7559
4.7391
5.4122
4.2344
3.2462
6.2516
1.7375
3.2279
2.725
5.0072
7.8013
3.2984
4.1062
5.2939
4.8667
4.8839
4.8958
2.4757
4.0795
3.7222
4.2386
3.8287
1.8575
4.1164
2.6399
1.7778
7.2211
2.596
2.9063
5.5955
3.3447
4.2841
4.3542
4.4356
6.0
3.6398
2.0139
3.25
2.5833
5.943
6.3245
2.2262
2.3963
7.3732
3.375
2.119
2.7218
4.6793
3.125
4.4038
2.6923
4.9833
7.2559
3.3977
2.8202
4.825
10.5424
2.4875
4.7237
3.4464
3.7143
8.9955
1.7372
3.108
3.2798
3.0324
15.0001
3.556
3.5644
1.2794
1.9375
3.5446
6.299
3.7258
2.6319
4.9063
2.6048
1.5066
5.5684
2.0284
1.5026
2.1771
5.8733
3.4792
1.5427
3.2
5.0623
5.1136
3.3469
4.5208
4.7007
2.7857
4.1739
2.5119
1.7579
8.2435
4.5625
3.045
3.0938
3.625
4.2955
4.7464
3.0179
1.9375
2.1955
3.1563
1.6981
5.0222
10.2264
1.4712
4.875
1.6186
4.0556
1.6325
3.6995
1.8584
3.7647
3.23
3.3924
3.7067
4.1406
1.0278
3.0833
2.8452
15.0001
3.3958
3.4801
3.9
2.0135
5.1082
2.9306
2.1743
4.5268
2.5401
3.6058
7.5744
3.5393
4.8711
6.3406
5.4103
4.5052
3.2481
2.375
1.9727
13.466
3.8558
2.5556
2.9798
5.1435
6.6137
3.7045
1.8723
2.067
8.0957
2.8348
6.8927
2.0385
6.0767
4.1985
2.1354
3.5391
4.933
4.9191
2.7587
2.375
0.9204
5.6206
1.6731
5.5563
5.2811
3.88
3.1014
7.7116
4.8304
2.2454
3.1161
1.9032
2.1991
7.2419
3.525
2.375
5.4223
1.4464
2.6346
2.7143
2.4667
3.5172
6.0196
6.2918
3.9408
3.6625
5.687
2.0417
1.9267
1.25
3.2632
6.9931
5.4562
1.375
3.275
1.9309
5.2815
8.8619
3.6106
4.0417
3.2564
3.7303
5.4639
2.3056
4.2578
10.1241
4.5682
3.2852
1.5903
2.2672
2.2685
2.6937
2.6618
3.775
2.7165
2.1186
3.2307
3.0187
2.5473
3.13
3.7167
1.7801
2.5208
4.15
3.6563
4.55
6.2885
1.7857
2.4805
2.9792
2.0159
5.357
2.4926
4.2421
1.8929
5.086
4.3194
2.6129
3.6196
4.9018
1.6277
2.2344
6.0922
2.8042
10.8111
5.3398
4.5057
1.3801
5.8752
3.7831
2.0833
3.7206
7.9814
2.6576
5.49
6.2356
4.9044
3.9688
3.2083
2.288
3.6728
6.3942
1.6953
3.725
2.0549
3.0773
4.375
4.9102
2.7167
2.75
3.4167
3.5703
3.4459
4.9904
4.8542
6.5319
4.5554
1.9944
4.1833
2.9453
3.1573
2.7461
3.4559
1.6797
3.8472
1.9643
6.6054
8.3637
1.3785
5.5289
4.7069
4.525
3.4286
4.0
2.6618
3.0441
3.5714
3.5647
5.7578
3.6298
3.0729
1.625
4.9
2.7031
4.7973
15.0
5.2799
2.6167
2.5556
3.2632
4.625
3.7143
4.9231
1.9355
5.3008
2.1094
3.3844
3.925
3.6611
2.5139
2.8097
3.0526
6.629
3.3611
3.9219
3.8864
1.625
4.538
5.5968
2.0625
2.485
4.3227
1.7716
2.8611
4.6635
0.716
5.3276
1.6047
3.4872
2.1859
1.7774
3.5966
2.2917
3.8644
4.0272
1.5076
2.101
6.2715
3.4605
5.4127
2.1477
3.274
3.1645
3.4238
1.0714
2.3333
6.1498
4.3315
5.5737
3.8365
5.322
4.1471
4.2324
2.4028
3.2596
3.929
1.0217
3.7102
3.3125
4.7468
2.1875
3.015
5.3416
2.517
4.997
3.5603
1.2864
10.3048
3.0357
2.6368
3.4861
2.2278
6.0074
4.3958
1.6724
2.9803
1.474
0.8131
3.2115
2.3849
7.419
4.5391
0.7007
5.3129
2.3654
2.4219
4.0037
3.6042
5.6276
2.52
3.2469
2.9241
1.7986
4.9042
2.2278
3.5819
1.9375
5.259
4.5536
2.6466
4.7478
2.0694
4.4375
7.2211
3.0096
5.8635
1.8261
2.1638
2.1281
3.184
2.8359
1.4091
5.1194
4.5081
5.898
1.5908
4.375
1.9792
3.1635
4.3958
6.8443
5.2269
6.4321
4.5053
2.2813
2.5417
5.826
5.3374
2.0781
4.6875
2.0833
3.475
3.5199
2.7014
6.2631
2.5663
6.0
2.4726
4.1375
2.913
4.9097
5.7214
2.1917
4.526
4.6071
4.1719
5.3288
2.3438
2.6087
3.016
2.9258
2.3456
4.6406
5.3072
1.3417
3.1071
5.0602
6.0266
7.139
10.0757
4.3864
1.9911
2.5388
2.2788
4.7986
2.4814
4.9219
1.2012
4.0724
4.7891
6.065
6.0088
4.5135
8.1078
2.3846
1.3343
6.0573
3.3816
3.0199
4.3971
2.9073
4.9102
3.3571
3.8906
2.6678
5.3913
3.8068
4.1947
3.625
4.9103
5.7485
2.4032
5.4218
3.7031
4.8036
4.5122
4.5313
3.875
7.9135
3.7361
2.1903
2.2661
3.6902
5.2586
3.8583
3.7426
2.4635
7.5385
2.7652
1.7472
3.0417
6.8872
3.325
1.6932
1.5938
4.0333
2.9135
6.0281
2.1903
5.6426
1.5539
4.049
3.5195
4.5526
10.3467
2.1836
3.8194
2.5735
2.1714
4.2562
7.6917
5.035
2.9952
3.9464
3.7596
4.1473
6.196
3.125
4.7426
3.375
2.1522
1.8967
3.4318
1.9013
4.8497
2.3542
2.1856
1.7273
4.1696
6.8089
2.5651
3.3472
2.8077
2.9145
5.1708
7.8528
1.3304
5.7843
6.8939
3.8547
3.0
4.3056
3.1691
2.6065
2.5313
4.1563
2.3984
3.2464
5.1675
2.9405
3.2216
1.3221
2.1971
2.2461
4.3214
3.9777
4.9744
5.2865
6.1306
2.6111
3.3542
3.7015
4.412
1.0486
3.6394
2.9292
5.1021
5.27
3.2868
4.0875
2.6619
5.592
3.0789
2.9628
4.2969
4.425
2.2222
6.4753
4.0846
5.5111
5.5677
4.192
1.7431
3.775
4.3851
5.2639
6.5945
1.5433
2.6618
4.6845
3.5861
2.5129
3.5536
5.3908
4.3687
3.3125
2.4107
2.0547
2.2845
4.4896
2.2375
4.4271
2.6875
2.3182
2.4167
2.7857
2.9052
3.6953
5.5385
4.1779
5.0376
1.4138
1.9338
3.1795
3.6827
4.1302
4.4671
4.5484
1.9728
5.4485
2.2883
4.2969
4.9271
4.1917
4.6607
3.1194
3.1136
4.375
2.4735
2.4348
3.9338
5.3243
3.6371
2.0375
1.3329
1.7159
4.3187
4.5096
2.4461
2.4444
2.9422
3.7286
6.9343
3.6033
2.5172
4.4233
1.7857
1.4648
5.3272
2.5595
6.1968
2.6101
5.1054
4.6071
3.0417
2.7543
2.375
4.125
4.0792
3.1912
6.6155
2.5234
3.1176
1.4821
3.8542
2.1927
3.6823
3.8319
3.2633
2.9
4.3862
2.3375
2.7173
3.3516
1.6607
2.1964
4.4659
1.2
5.7787
3.1592
6.1082
2.2574
3.4261
2.3194
1.6571
2.6917
5.1242
3.135
4.9489
0.8054
5.1155
5.0821
3.025
4.95
3.4762
3.0042
2.7432
2.2937
5.0016
3.1548
2.9471
4.5129
5.9214
4.2614
3.0187
2.3173
2.8833
2.2402
5.0371
4.2321
4.7333
3.6548
4.8214
1.2083
3.1917
2.331
3.3036
5.6358
6.2306
6.0901
6.2734
5.761
4.0955
2.8784
3.7932
6.83
3.2727
1.1957
3.1921
7.1381
2.0643
2.65
3.6923
6.5772
3.125
1.5268
4.5486
3.1656
1.5898
3.3043
5.0766
2.0547
1.8618
2.6042
2.5104
2.875
9.7956
2.5875
5.0043
4.675
4.0208
2.9154
6.0774
3.4705
5.0853
5.6292
2.9375
2.0875
3.2933
1.9265
4.5625
3.775
2.2754
2.5234
2.6607
8.1926
2.3256
2.6103
4.4597
3.2132
3.5673
5.3272
3.5568
4.025
1.4639
2.3464
4.0469
5.1017
3.7301
3.0214
4.8624
2.6012
6.5095
4.1302
6.314
4.7981
2.63
2.7237
2.375
5.3377
5.2636
4.1767
2.189
2.5898
2.9167
3.0047
8.603
2.5444
1.8214
3.875
4.4087
3.1885
5.5845
3.5938
3.9519
4.6587
3.1389
2.3958
2.0469
5.477
6.1168
3.5893
4.4625
3.7328
1.6009
1.6444
3.055
0.9463
1.2545
2.7792
2.0
2.6221
2.9453
4.875
4.5152
4.0987
3.8158
4.3714
5.4395
3.6619
5.0299
2.2723
1.65
3.5333
4.7356
1.462
1.9657
3.375
4.0625
6.8197
4.6904
8.3678
4.9688
3.5089
3.1588
4.0602
2.9013
3.2344
1.1917
2.775
11.2463
2.0268
3.2061
3.975
2.6576
1.75
5.5524
3.6875
1.75
3.4269
2.375
2.7411
3.9632
1.3977
5.1721
3.4551
4.6389
7.1669
5.5941
4.2792
8.8666
3.9844
4.2788
1.4042
2.5321
4.3542
15.0001
5.7097
2.8306
2.0556
7.0177
8.0113
3.6863
5.0113
5.1385
1.2012
3.1222
3.0437
3.3836
2.5564
1.91
1.4766
4.1514
2.4632
2.8088
7.5
2.6786
4.4306
4.4732
2.7788
4.425
4.6167
8.5621
3.1719
4.1923
3.2149
12.5
5.6228
3.2639
4.7969
5.76
3.6411
4.0234
6.8317
4.2344
3.8529
6.1444
2.5488
2.7813
1.9362
2.4821
8.1325
4.5375
4.1544
3.2727
4.008
2.8333
0.536
0.9573
6.5234
3.3611
6.981
7.143
15.0001
5.4788
4.75
2.8295
3.125
3.7125
4.7426
5.7295
6.0
2.3243
5.0322
12.3804
4.8052
1.6552
5.8596
7.7738
5.0329
1.3479
4.0154
3.9464
1.4917
4.4561
4.4375
3.8125
2.5819
3.7059
4.3021
2.7587
3.675
3.5436
6.5631
6.091
1.5972
5.6818
2.73
2.59
3.2015
4.5066
4.6628
4.2222
4.6042
4.0905
4.2273
5.1439
5.1121
5.1514
2.8304
6.1142
1.1419
4.2234
6.6176
4.5
3.3438
5.0029
3.0
4.0625
8.5403
3.3205
2.6667
5.7072
2.025
6.057
2.2583
2.4429
3.125
1.5357
6.0374
5.293
4.504
1.9018
4.8438
5.7654
4.6375
4.4167
1.2054
2.4653
5.4364
3.9286
4.5721
3.0859
1.0625
3.1875
4.0114
2.75
1.4727
1.7895
4.8274
1.9392
3.2788
3.0893
6.3214
3.5331
2.8289
6.4246
2.3087
2.881
1.4729
3.35
6.4027
3.6734
5.7817
3.5227
2.2727
2.8323
2.9735
7.5218
4.175
2.9542
3.15
6.6257
3.1571
4.5938
3.2311
4.375
5.4592
4.8269
4.2361
5.0249
3.425
5.2113
3.6875
5.678
4.1635
6.4459
4.075
3.371
1.3897
4.3472
4.4519
3.4596
3.4375
2.3784
6.5394
1.8438
1.8715
2.7125
4.3218
3.7969
3.0958
6.925
6.2547
4.0581
4.0625
2.5556
1.9464
6.1872
3.6531
7.8588
1.1667
6.541
2.6316
1.2273
2.4006
4.7168
3.9545
1.5491
7.1198
3.6
4.0893
2.981
5.196
5.2541
4.9087
2.8835
7.2519
4.744
2.4482
2.995
3.6667
3.253
5.6022
5.2503
6.3749
3.8643
2.478
5.0123
5.4011
3.4432
3.212
6.1461
2.2988
3.9844
13.8556
1.2132
1.9125
2.4113
3.0927
3.5737
2.2684
3.5673
6.9135
6.3191
3.699
4.2115
2.625
6.0235
8.565
3.8929
2.9338
1.6136
4.775
4.0656
2.9318
2.5313
2.0437
3.5547
4.625
3.2151
5.1238
5.5677
5.7457
1.9073
2.1528
2.7305
1.3958
2.9705
1.5521
3.1875
3.5875
2.7236
4.25
13.0502
3.5739
4.566
2.0217
1.6509
4.8603
3.2232
1.9342
5.8578
6.6458
3.8882
2.5331
1.7427
3.1462
7.5822
5.5
1.0846
4.5938
4.3826
3.929
1.8375
2.5067
6.9257
4.5556
4.1944
6.2473
2.6051
3.1484
3.3482
4.0488
2.3287
1.7763
3.24
5.4333
2.1108
5.01
4.875
4.3047
6.9296
5.2489
4.2708
5.7117
3.8141
6.358
3.0645
1.5357
4.4583
8.1064
3.4792
4.125
5.1155
5.1433
4.0536
4.517
1.3071
4.0341
6.8469
2.1759
3.691
4.6808
2.3293
3.1875
2.3417
5.8993
5.6435
2.5667
2.125
4.7813
3.1528
4.875
3.7361
4.0018
2.3343
3.8819
3.3438
3.2813
1.4529
2.5363
2.1484
4.25
2.8458
2.1767
1.9375
1.3903
7.6889
7.9606
2.5074
6.9324
2.625
3.9018
2.2466
3.3958
5.9716
3.1905
1.2065
2.3496
8.492
1.8325
5.9291
3.8
4.4423
3.7813
7.9892
4.4107
4.9676
5.4201
4.149
6.4631
2.9167
4.875
1.8929
4.3098
10.0481
3.2425
2.2264
3.5039
6.5799
2.3182
5.2732
6.58
2.5833
3.4327
2.9292
3.5096
3.0
3.3239
2.7907
4.0433
3.875
5.5762
1.7213
3.2708
2.8588
2.8357
6.0609
3.8846
7.7517
4.7443
1.9107
1.7568
3.6875
10.2264
3.6806
3.6806
3.0368
10.3203
3.7262
12.9758
4.2667
5.6445
6.5254
3.9469
4.1856
1.9912
3.3594
5.454
5.6506
1.63
3.2957
3.5529
5.5111
3.0744
3.9286
4.0583
3.9464
4.7019
2.4632
1.5288
3.9522
2.6491
4.4
3.4667
4.7266
6.4858
4.7932
5.2589
2.8311
6.6136
3.3654
4.3333
9.532
2.8807
4.189
1.4241
3.775
1.6937
5.4496
6.083
4.9955
3.2373
3.6953
3.1929
1.7426
4.4122
4.0156
2.293
4.0481
3.7388
2.84
8.0379
2.5821
1.2745
2.8102
2.5
3.1771
2.1383
3.3816
3.9864
2.9899
2.1006
2.3375
1.9861
8.1871
7.5197
2.6071
6.7821
4.0114
3.9536
3.8036
3.1551
4.8462
5.7321
5.5423
3.875
3.3679
3.1071
3.1042
2.7308
3.3958
2.0292
2.4387
2.2083
4.625
1.9238
4.2227
3.1587
4.9531
3.0911
4.3125
2.3611
3.2095
5.133
1.123
2.8281
3.3074
4.35
2.1437
6.187
3.0625
3.2153
5.7089
2.5062
3.2104
2.6437
2.5096
1.55
1.5833
1.9668
4.4107
3.6375
5.8622
5.1041
1.9076
3.1353
5.1365
2.7466
2.1287
4.0375
3.45
2.5403
3.3281
4.8233
2.9688
1.1384
5.3674
3.875
4.6563
3.524
3.2865
2.1434
2.9375
3.3009
1.7564
4.0458
3.0682
5.1377
6.2556
2.8553
2.7321
2.3125
6.6659
4.9286
2.9693
2.945
12.8763
2.6726
0.536
2.6458
3.016
2.7689
4.09
2.0066
4.199
3.6392
12.8483
3.3816
3.9375
2.7361
3.7092
6.3702
7.1366
2.9
1.6286
2.6629
2.8418
2.7443
3.125
3.1189
2.683
5.2527
2.2621
7.7464
3.6946
5.6437
4.045
3.3942
3.2121
3.7159
4.8603
4.3281
5.2855
1.6607
5.6327
1.933
4.1544
1.1563
3.1579
2.2656
4.6726
3.2024
3.7188
11.8442
7.5196
5.2681
3.1944
5.5681
3.1838
5.9328
3.402
2.625
3.05
5.3698
1.6172
4.2391
4.6019
3.7361
3.2708
2.2339
11.9666
2.7656
5.0839
10.2233
2.7321
2.5865
2.905
1.5427
5.5061
3.7813
3.0469
5.4895
4.6875
5.0958
2.0216
3.8929
4.125
4.375
6.5987
2.7311
5.012
2.207
3.0907
1.8068
3.1628
9.9055
2.3848
2.551
6.1504
1.775
3.1711
3.3169
3.0444
5.2887
1.7689
8.1782
2.9926
3.4408
3.2344
3.1528
3.0417
2.0
5.5425
2.0625
2.0901
2.7148
2.5147
2.5743
3.8026
1.7446
6.7741
3.4671
5.4445
5.5464
2.8295
1.6875
3.8831
2.3
3.4792
3.1597
3.1711
1.6786
3.8534
5.0482
3.6893
2.6016
6.3861
2.5395
6.0957
3.1433
1.9187
2.7714
5.0
2.4896
2.0425
3.6731
3.8257
12.367
4.0156
4.0703
4.8448
3.2135
3.6905
1.5
4.2679
6.091
5.5631
2.2679
10.3893
2.7813
3.5156
2.0781
4.1136
4.1587
3.3482
4.1304
7.472
3.7933
2.8775
4.8311
4.5066
2.8841
2.069
4.7143
7.9739
2.0493
2.1907
1.7188
4.2955
6.2513
4.1776
7.8383
3.6167
0.971
2.9886
3.2059
2.3533
1.7067
2.6684
2.7254
4.7872
3.1125
3.5214
2.5625
2.1757
2.6631
4.5556
3.5179
2.6875
3.1486
3.3689
4.1406
3.5341
2.2
2.3687
2.3333
2.7464
5.0929
5.1893
2.7019
5.1104
3.6988
2.925
2.0411
3.93
4.2813
2.7656
2.7955
3.7083
4.4821
1.8065
15.0001
13.1107
7.5699
4.163
3.6845
1.9138
3.3153
6.2924
3.0989
3.1297
2.4074
3.0321
3.7031
1.9464
5.3168
2.181
2.4949
6.2551
5.6732
2.0259
1.425
2.1287
3.9929
2.3482
2.3152
3.1389
3.375
3.0789
5.0524
3.2872
1.9704
4.2759
3.6435
3.5039
1.787
4.7891
6.7105
2.4206
1.8288
5.4694
2.4722
3.3893
3.5714
8.6803
7.7751
4.8667
2.5313
2.619
4.4536
1.4625
3.3981
2.0579
5.4409
5.5922
3.0642
2.2254
3.4907
5.5773
1.8672
3.6292
5.7049
2.7596
2.5363
7.3028
5.308
2.2069
3.8824
2.4688
2.4952
4.3397
3.2305
4.4107
6.5217
3.3936
1.74
2.7601
5.444
3.4375
4.7946
8.4889
3.5795
4.7813
3.3152
3.5684
10.0
1.4615
2.3417
1.1607
1.4338
3.7986
2.8194
3.343
3.3438
4.2348
1.1765
1.6563
8.0428
6.1112
5.0782
4.9861
1.223
2.1357
6.8099
3.46
2.7054
1.9832
5.3886
2.2625
4.0217
3.2891
3.4811
3.9375
8.4802
6.3258
4.7583
4.25
5.0081
2.9315
5.128
3.9963
4.2437
3.2325
4.0625
2.1139
3.7875
3.6806
3.7796
2.0564
1.4556
3.7778
2.8378
8.5407
4.3333
2.1719
1.9911
3.9091
7.5847
2.9871
3.6094
5.5867
6.6842
3.6583
2.3214
2.7188
1.7056
4.8516
2.625
4.125
2.3903
1.4327
7.9338
2.6487
1.2321
3.5905
2.7353
3.1025
4.0985
1.9925
2.1513
3.2917
2.25
2.2244
1.9476
3.3409
3.5958
5.8322
4.0221
3.25
2.375
2.9375
15.0001
4.6563
5.9449
3.2292
5.3096
3.2448
4.5217
6.6343
3.6563
2.9764
2.4545
4.1742
3.3214
4.3636
3.375
3.0724
4.8523
2.7813
2.8281
2.8125
4.2083
3.1801
2.4044
2.345
0.9589
5.777
1.7708
1.4531
3.7604
2.8798
2.6914
4.5766
10.1882
3.8194
4.0
4.3278
3.6639
5.0
3.3438
8.0683
1.7463
4.3111
3.5179
1.625
1.9956
2.7562
3.7
1.2917
5.9265
3.3929
10.1714
4.4279
3.2415
6.4171
3.07
5.5592
5.75
3.3462
1.8403
5.0049
4.0859
2.1607
1.9875
2.5625
3.4471
3.1397
5.2497
6.1953
6.1576
4.35
3.1125
5.6344
2.5574
6.7978
4.1797
2.0114
3.8056
2.537
4.0647
4.6793
5.7057
4.8571
3.125
3.9702
2.4925
4.825
3.9929
2.2045
2.2589
2.4207
4.1364
3.5109
4.6094
2.6364
8.003
4.6861
1.4702
4.0833
3.5521
4.2538
3.625
3.5865
2.0329
3.2708
4.1467
4.8214
3.1779
4.3583
1.0685
2.0488
2.053
4.1328
4.0444
1.6875
5.282
3.05
4.225
5.2319
1.3993
2.7717
3.5464
3.6106
3.2285
4.5357
3.6719
2.2827
1.7865
3.8958
5.3509
3.9107
2.5125
3.7167
1.8333
4.7813
6.2561
5.2816
1.8971
2.5898
2.1898
7.4729
3.6083
2.0764
2.5833
2.4537
3.3531
1.7958
8.4375
1.8829
1.1346
2.7137
3.1325
1.0633
2.4464
7.3672
3.7361
4.7574
1.2206
3.0625
2.0357
2.7039
6.9737
3.2019
4.4871
2.774
3.8372
8.0082
4.739
5.4446
2.7321
3.89
3.6034
2.8958
4.75
4.9643
1.3333
5.533
3.5769
4.537
4.5096
5.1814
0.4999
4.2708
3.9628
2.7857
4.3897
4.2051
6.1949
5.0769
3.7604
5.0871
2.4886
1.7121
6.2178
1.4497
2.6875
2.6797
4.0301
3.1146
1.7155
4.7083
4.4643
4.7222
1.0179
4.0588
4.2857
5.2416
5.5622
2.4308
3.8586
1.9444
4.3962
1.746
6.7974
4.575
3.8273
2.2407
11.5609
8.0287
8.5842
10.5536
2.7388
5.0175
11.4233
2.625
4.0812
3.858
4.9
5.5449
5.8407
3.3472
2.025
2.4306
5.0016
2.1979
3.9583
3.9643
2.3293
3.8954
5.1182
1.7031
8.7496
2.6386
6.0868
5.3922
4.2448
2.8237
3.6484
3.3462
6.0145
3.3269
3.86
2.6094
5.6762
4.25
3.5461
5.0176
5.5
4.0
4.9562
5.2363
5.5632
2.7361
2.5
3.864
2.8401
2.3693
2.7917
3.7222
1.9732
4.3875
2.1658
10.3942
4.3513
2.5012
2.7101
2.3687
4.8295
3.1477
4.6053
4.625
6.3721
3.6369
4.7755
1.625
8.4839
5.0739
2.3625
4.375
2.0926
1.6033
10.5511
3.2434
2.8021
2.1354
10.7372
3.0259
2.6458
5.4721
5.3254
3.0833
5.798
3.4917
1.9309
2.4961
2.125
2.6146
6.2519
1.9236
7.9029
3.1944
1.4413
5.1589
2.0833
6.7058
3.175
4.1361
6.4092
4.89
3.1304
2.2031
6.6013
1.2188
2.9375
2.4717
3.9773
6.2073
3.7167
3.6429
5.2015
4.2188
4.2083
2.6411
5.9629
5.5842
4.1838
3.7885
2.8365
3.75
2.3125
4.1484
4.7034
2.0754
1.7361
1.1125
2.9306
4.1304
3.089
6.1103
5.1297
3.1741
3.4837
2.7
6.2884
7.9887
2.9087
2.0156
6.5285
3.2964
7.6717
2.9569
3.2917
3.5391
1.5369
3.375
5.3081
7.3151
5.5284
2.3013
3.3304
4.0938
3.5781
3.3398
3.1691
4.4211
2.3456
5.9836
5.5649
2.9143
5.866
3.2667
5.1674
2.85
7.8287
3.6111
3.0375
4.6125
2.0057
2.1635
1.3169
6.4651
3.9167
2.1889
4.1917
8.0755
4.4625
6.3923
3.1208
4.0347
4.6452
2.274
8.5938
3.3036
1.4801
6.5069
9.4987
4.125
2.3
5.3017
2.5469
3.1217
3.5313
3.0357
2.8152
2.3036
0.9234
2.4063
4.2207
5.6159
2.825
5.4337
2.0461
4.2448
3.6705
5.5456
5.3369
6.8406
1.2413
3.622
10.3591
2.3387
3.9489
4.5909
1.3417
3.6719
2.1985
5.9143
2.3236
3.0992
4.5094
5.0225
4.5167
2.6713
0.8738
3.744
4.8304
3.4833
6.4232
3.8056
4.625
2.183
3.475
3.3681
3.6853
4.4821
6.4391
6.5891
5.6091
8.7657
7.9819
2.5437
6.1768
4.0714
4.1951
3.1827
3.1736
2.1875
8.2737
15.0001
2.2161
5.8722
4.7193
2.0463
6.3364
2.1682
4.9615
2.6275
7.5544
1.7701
2.0357
8.4699
2.5726
2.4412
2.7038
6.4599
2.5544
3.4184
7.3031
2.2969
1.5284
3.4583
3.1107
3.5179
9.3198
3.788
2.2442
3.5536
3.3125
3.312
2.8833
2.9417
3.9219
3.0184
5.4091
9.1834
5.9544
3.2396
3.194
3.5761
5.1583
3.5
1.9871
3.6
3.2731
2.025
4.7941
12.632
1.725
3.7569
3.1071
6.2578
2.6012
2.4191
2.0591
1.7301
4.4954
4.0357
6.4415
1.303
2.4321
3.0329
5.6197
5.778
4.7875
3.5938
5.1811
5.3473
5.3074
3.9167
1.5909
4.0625
3.0833
2.505
1.9875
2.375
5.9175
6.7123
4.2813
2.905
4.0815
2.4022
9.7066
5.1507
3.6362
2.2179
4.5303
4.45
2.5
2.7708
3.4286
2.1781
4.8304
4.1667
3.2442
2.7813
2.96
3.0114
6.3542
2.9698
2.6513
2.3958
4.6649
1.5882
2.3594
2.6591
2.9327
2.2326
5.4604
3.1554
3.1964
2.675
7.6202
6.155
2.8333
2.0332
1.1985
8.847
10.8082
1.6071
5.2606
4.1339
3.875
3.9417
4.0417
4.1573
2.9815
2.5212
5.228
7.8711
5.2563
4.7609
3.0
1.2412
6.1642
4.0357
4.2292
7.5582
3.2371
3.5804
6.7694
1.9311
4.4946
3.8056
1.4856
3.141
5.7018
6.0115
3.7578
1.676
1.9233
2.7663
2.1588
2.1597
5.1508
1.3287
2.4201
3.5481
3.6618
2.6429
1.6402
4.9028
3.4031
2.8287
2.5588
4.0982
4.5179
1.5909
5.7763
1.5078
4.0
4.9643
5.1782
3.5987
4.3643
2.5583
2.809
2.1444
2.9844
2.6618
4.3542
3.0
3.9032
3.9886
5.4781
3.6354
5.7797
2.4297
2.9389
2.2788
2.0304
8.163
6.7042
8.5153
3.1912
6.5669
2.8167
4.6
2.52
3.0677
5.8914
3.6696
4.6357
4.7961
2.4196
3.5462
5.8343
4.6806
4.2813
2.63
4.5707
2.6827
3.2818
1.5078
1.5922
1.3167
6.4789
4.7176
3.8603
4.875
4.6937
3.3371
2.3507
4.85
4.9196
2.8231
6.6704
5.0605
4.6976
1.5521
2.0458
3.682
1.9152
1.3712
4.7188
3.5968
2.1458
6.7099
3.5551
2.662
3.0833
3.1393
2.25
5.0677
2.5885
5.0866
2.1786
3.8269
1.9107
7.3982
4.0
1.7464
2.5301
4.6371
2.92
6.0723
3.963
4.1699
3.1901
1.3531
1.7105
4.4762
2.875
5.5259
1.4891
3.0667
2.1974
9.7821
4.8214
4.25
3.1146
3.6591
0.8478
1.1728
2.6149
2.7727
3.055
4.625
5.0599
5.2803
4.0278
1.9167
4.7019
3.2986
3.4028
1.9875
2.25
3.5242
3.6406
3.9844
1.9829
2.6445
6.1085
4.615
3.0208
4.5208
3.0043
5.021
2.8333
2.4107
15.0001
2.7852
2.444
2.6894
5.6677
2.6152
1.7935
6.2673
2.7659
3.599
6.0069
3.25
10.0973
3.3804
3.2143
2.0405
2.3438
6.0965
1.9688
6.5948
3.1002
5.7393
3.125
4.8403
2.1473
4.6326
2.3269
4.1719
4.5735
1.6767
2.7308
4.0473
1.8814
3.4013
2.8837
3.0432
1.631
2.3562
2.6465
2.4141
3.1406
1.7083
3.3799
4.1597
3.2344
2.5972
5.3403
3.0417
1.8015
2.6417
2.0938
3.6312
2.359
1.8571
4.1964
2.7578
2.4485
5.1727
2.7813
1.5329
3.725
1.8958
4.5417
2.0893
3.2687
3.625
5.4298
2.6471
3.3906
2.8214
2.7759
8.2598
3.2301
2.5374
5.0912
3.225
2.5417
9.1881
6.7669
4.9904
2.4537
3.0536
3.6471
7.7785
2.9844
2.4864
6.7232
5.3812
2.035
4.0208
4.0227
1.918
2.4659
7.7108
1.3047
9.0812
11.075
4.6908
3.3125
3.025
7.0913
2.9943
4.5192
3.4375
1.9657
3.0969
4.1875
3.425
2.3169
5.2573
6.4524
6.0
2.6823
5.0709
5.5545
2.875
4.6458
5.5379
1.7589
2.7348
2.7019
4.2679
11.1768
2.4375
2.6932
2.8371
0.9393
3.8015
1.925
3.6708
3.2279
3.0542
15.0001
3.8687
2.1875
3.4821
5.3749
2.5652
5.9582
2.3778
3.9355
1.7222
2.5326
0.6433
4.6125
1.625
3.8085
2.4599
4.8942
2.1771
1.7425
3.6384
1.9943
4.6992
3.5
6.2892
1.6011
2.625
1.6521
1.7456
2.8125
3.2404
3.4118
1.8235
4.6674
4.5833
4.317
6.4967
2.2292
2.3824
2.3482
4.0474
3.625
5.7021
4.918
3.5625
3.2122
4.2463
3.2039
2.9375
4.3698
4.0
5.5196
3.428
3.9688
1.6355
3.8889
1.8431
3.1858
1.5174
2.9514
2.1424
2.5662
2.5742
2.2969
2.2303
2.5804
4.2333
4.0417
3.8897
4.22
2.2527
4.4091
4.0431
4.4671
1.8824
3.0398
2.3864
4.0174
4.0179
2.1607
3.1923
10.1454
6.128
4.0977
1.9906
5.2957
3.4861
4.7788
2.0817
2.7083
12.1387
2.2165
4.8264
1.9234
2.5673
5.1733
1.942
4.5096
1.75
3.1944
3.8018
5.9333
6.1064
2.113
3.707
3.4375
5.2999
3.6475
2.3482
4.9917
3.0962
2.875
1.7292
2.4537
6.0433
1.3403
4.84
7.4947
2.55
4.2679
3.375
1.9119
4.2361
4.4187
3.6509
2.6852
3.7852
3.8846
4.9821
5.5767
1.6071
3.9028
1.8571
3.875
2.6985
0.8198
4.4286
2.6159
2.4567
3.7043
5.1271
3.2976
4.9292
2.6288
4.0167
3.1563
2.3924
4.1379
4.2171
3.3229
3.2159
3.6335
5.0605
4.1023
3.7857
5.0956
3.5305
5.2907
3.1719
7.4542
5.5238
1.7075
9.3399
5.0874
2.5455
6.0274
2.233
3.1912
2.773
4.445
3.6346
5.653
4.2062
4.375
6.1885
1.8162
3.9737
2.2287
2.9244
2.9107
3.0212
6.101
1.4577
4.0274
8.4476
5.6917
4.0069
3.3724
2.0375
1.9908
1.3125
2.2156
2.6934
2.3523
2.5417
2.4848
2.0915
3.5812
2.7431
3.9632
2.6641
5.0767
2.4605
1.2209
2.3079
4.0132
2.5481
3.4612
2.7734
5.041
5.7395
3.3281
4.9044
3.2386
3.5313
1.5625
2.6136
7.0691
4.0679
2.1864
4.5
2.6042
3.4545
2.707
2.6184
5.0528
3.7083
2.5033
4.6458
7.6685
6.979
3.2993
6.7274
2.8821
1.1696
4.6629
2.346
2.395
3.5938
3.0625
6.5413
5.5792
4.4261
3.2813
4.9375
3.8633
2.375
2.3319
3.527
3.2109
6.4696
1.6647
2.2167
2.3026
3.8897
2.4297
4.175
4.9318
4.5607
2.7515
6.8869
1.0467
3.1513
1.7708
1.9667
1.4125
5.8002
4.0904
3.0658
1.8798
3.2788
4.194
2.2614
5.3912
3.3831
4.3818
2.7813
3.65
5.3649
1.5474
1.1681
7.2861
1.9643
2.7181
8.6963
3.413
3.6641
5.338
3.2148
2.5434
7.0113
2.7917
1.9417
4.1419
5.8505
2.1524
2.6803
3.3011
3.3444
5.6674
4.8
2.0958
2.9112
2.3438
6.5615
4.2357
2.5761
2.483
3.209
1.6875
2.3295
6.1228
5.0962
1.7604
2.6964
4.9821
3.0721
2.6987
2.6613
10.9506
2.3913
4.9671
3.1445
5.4872
3.9783
6.3914
1.9667
2.2574
3.4211
2.5938
3.32
4.0023
2.9094
3.735
5.5584
3.1406
5.0
1.5987
4.4231
4.1064
3.9265
3.9063
4.2917
3.4609
2.8854
1.9408
3.5066
2.1898
2.2614
1.1806
4.8958
4.8693
4.9844
4.0882
5.3046
4.0313
0.8639
8.944
5.6798
5.4689
2.7159
3.7344
3.275
4.4427
2.1403
2.7857
2.825
3.215
3.1875
6.435
9.2175
2.4117
2.7137
3.7614
7.9367
1.7188
3.5909
4.6776
2.2
3.2222
3.6435
3.2593
4.0238
3.6417
2.4861
3.0938
3.1583
2.1071
5.7907
4.2917
3.9808
5.2894
4.375
1.5988
2.7598
5.1718
3.7917
6.1655
3.25
3.7202
2.9519
6.3522
2.6094
3.3702
9.0376
2.8125
6.5173
5.1322
0.9705
2.9286
4.825
3.6333
4.0893
2.325
2.3105
2.4875
1.7212
5.543
0.8941
5.0941
0.8941
2.6
4.625
2.6389
1.9286
4.4347
2.082
2.8
5.894
2.8958
3.0897
5.2261
2.925
2.395
3.1371
2.2409
3.3194
3.0375
2.9219
0.4999
3.1439
5.9845
5.8408
3.6818
2.652
4.075
7.0285
11.0124
4.0878
4.7019
6.2575
4.8824
4.0398
5.6396
5.3925
1.825
3.5625
3.9464
4.8875
2.4408
4.6654
4.6635
4.4211
3.8672
6.5745
1.9014
3.4706
2.0644
1.4375
1.6504
6.4242
3.8108
6.1299
3.1932
3.7171
3.3841
2.1179
7.9977
2.9647
2.5
2.9464
5.0917
2.1542
1.7222
4.0909
2.4135
2.234
3.0865
4.5875
2.9048
8.9728
2.3042
1.1868
4.1513
2.5083
2.3917
3.337
2.5769
3.7292
2.7352
2.5685
4.8088
1.625
3.425
3.3884
4.9167
4.1316
4.5913
3.0042
7.0242
5.8053
2.774
3.5649
3.9211
4.65
3.75
2.3125
4.6629
2.4375
4.1563
1.6021
4.0426
3.5444
4.9716
3.0625
2.0852
1.9026
4.1442
5.5347
9.2858
7.0423
1.9038
3.9097
2.4167
4.5833
2.0817
4.875
3.875
1.6006
10.3983
3.125
4.8021
1.6902
3.9792
3.0757
10.586
2.2375
3.125
2.7714
1.8152
2.5625
2.9899
2.1153
4.725
1.6747
4.5493
4.5469
2.5806
3.3462
3.1696
4.9375
3.9688
2.2417
5.7306
4.6776
1.5536
2.9384
4.4196
4.4615
2.225
4.8194
3.725
4.6687
4.1058
6.6603
3.7159
2.8889
4.4934
3.6412
3.875
5.7652
5.3002
2.83
2.2478
1.6901
6.7867
4.5795
3.1094
6.9238
0.4999
6.8322
2.8301
5.4217
1.8913
1.5962
2.3542
5.7233
5.1523
3.6579
1.1875
1.4191
2.1842
3.0833
2.9571
1.2446
10.0472
4.2672
5.7133
2.0472
3.125
5.5501
4.3889
4.3882
1.2434
2.3851
3.406
2.4792
2.543
1.1563
2.8445
4.875
0.8926
2.9653
2.1375
2.1888
1.75
3.0598
2.375
1.2083
4.1125
2.712
1.8849
0.8229
7.7889
3.0313
1.7197
2.0809
5.2809
3.1667
6.8806
8.8342
6.2787
5.9617
8.4888
1.8021
3.475
4.7386
4.875
3.1964
4.7917
4.5
1.9881
4.4125
2.8906
7.8336
2.3523
4.5
4.6864
3.6227
2.7083
4.3542
4.2798
4.2054
13.1738
3.9688
2.1602
4.6042
4.9732
2.0474
2.9119
2.1538
3.5511
5.8819
2.0278
3.274
2.1827
6.53
1.8357
1.899
7.0735
5.6935
5.0555
2.9877
2.2106
2.2
5.7628
2.4219
2.5335
4.1346
3.0721
4.9444
7.2623
2.125
3.55
4.7098
3.625
1.6009
2.3393
2.881
2.5
1.5208
3.0204
3.125
4.5673
3.8448
7.1264
3.2226
3.6422
7.1193
2.1311
3.0625
2.6016
4.2031
8.8178
5.2333
2.2054
1.7636
1.8816
2.6667
3.8355
4.0833
3.1417
2.2841
5.5
3.9041
1.8047
2.0547
3.3713
2.4196
3.65
2.5927
4.1591
1.6642
2.425
3.402
3.2093
1.8875
2.355
2.0972
3.9417
3.2132
2.5947
7.3718
4.0061
5.2001
3.4821
3.2368
4.125
3.443
6.0
4.0417
4.5694
4.4886
1.7321
6.6238
1.6509
5.1032
3.0208
3.5
4.4
4.0417
3.5313
2.75
6.0
4.3235
3.1892
3.3482
3.1964
4.3585
3.9
2.2326
3.9853
2.6042
3.2569
3.6625
2.7667
4.4118
1.2101
2.6563
2.2452
1.0938
6.9712
1.9732
3.9375
2.0625
5.5601
2.182
4.2404
4.3456
2.5164
2.7734
1.3679
3.875
3.0187
0.9283
3.7813
4.8494
2.6429
5.2595
2.5679
4.2762
4.5533
3.125
3.7917
6.5587
6.2113
3.0143
2.0938
2.8661
5.584
2.2284
4.7708
3.8427
3.0156
6.3303
5.623
1.5326
3.9855
4.21
3.8235
3.9727
3.8672
2.8884
5.1775
2.683
5.7704
6.1825
5.2722
4.5841
2.6745
4.2188
3.2625
3.2917
2.0133
6.9014
4.1016
1.4904
4.6042
8.5957
2.9479
3.311
1.6725
6.1504
2.2961
2.85
1.8333
2.902
4.0202
3.5154
4.392
3.5909
4.3594
1.8229
4.765
4.6211
3.9271
2.375
2.0125
3.4821
3.0
4.675
2.5166
1.6699
7.313
3.1912
3.4306
4.4567
1.2404
2.935
2.1135
4.6437
6.4562
2.6765
4.1528
1.73
6.4891
2.8261
3.2237
5.2088
3.4712
6.1001
2.9375
2.2532
6.6012
3.4
3.7315
6.0
2.3669
1.4886
3.2308
4.3625
3.9286
2.1103
3.225
3.6437
4.6488
3.5282
1.6081
3.9191
1.875
1.8287
2.2333
4.1364
1.6875
4.8618
3.6042
4.2333
2.4113
7.6348
2.3611
4.2917
5.6902
5.3816
1.3
4.9312
2.2717
5.3847
2.2024
3.3987
1.9602
4.8542
3.7557
3.0114
2.625
4.1786
5.8336
4.5278
2.8839
2.0714
1.8173
3.2794
4.817
3.25
2.6417
3.625
4.125
7.2758
6.3433
4.9196
3.9464
4.925
4.1146
4.475
3.7167
4.2415
2.5186
3.125
5.6876
2.1731
2.7621
3.2636
4.8304
3.369
4.1674
5.5632
3.5
3.8292
3.625
7.248
3.9909
5.1312
2.0469
3.2171
9.281
3.3095
2.4054
2.5603
4.6792
2.976
7.4897
2.7955
5.0785
3.3864
2.588
2.1776
7.9835
1.5625
8.634
3.267
2.2621
4.2083
4.3864
6.6009
2.7787
3.7841
2.3214
2.6336
3.4038
1.6187
3.4115
4.218
4.6379
2.8152
6.0102
2.0536
4.1382
3.25
4.1312
4.5144
2.7006
15.0001
6.6633
7.5196
2.1694
3.6719
5.25
1.2024
3.8365
3.5323
2.2279
5.0362
4.25
5.8324
3.5186
5.9639
2.6619
3.4605
2.7667
6.0487
3.3681
2.4659
4.3125
4.2198
1.1157
3.6875
2.1583
4.5375
3.5855
4.4882
5.1418
2.1793
5.32
2.6583
6.4962
2.95
3.9408
5.6604
4.97
4.0467
1.6369
3.6797
10.3653
2.2167
2.325
3.0906
3.9464
3.0446
2.2368
4.0469
4.1953
3.0321
3.7321
3.8705
8.2953
1.8
3.5417
2.7986
1.6121
1.7991
3.0
4.1333
7.4918
6.1359
2.1715
4.575
6.6264
12.4429
3.7562
2.7266
5.3264
3.8571
2.1187
12.1579
5.2852
3.7766
2.3357
3.4896
3.6364
4.7393
4.8836
1.1835
3.625
3.6563
5.6445
5.7001
2.9167
3.7562
3.5671
2.0972
5.4496
3.5833
1.8456
4.5368
1.7929
2.5729
3.4812
4.0848
1.0513
4.2596
5.409
2.4917
1.9375
4.1765
6.5571
3.1505
6.2022
1.7386
4.8096
3.3095
2.6875
1.8382
3.2159
5.4622
2.5083
2.1728
4.5882
1.871
4.7466
4.2708
4.7663
5.6485
1.8533
0.813
4.2266
2.2663
3.6083
7.4817
4.7566
2.4286
3.0313
6.6331
1.7235
1.7014
3.3397
6.3314
4.1339
2.5872
4.9286
6.6813
3.3333
4.3039
4.9464
3.6083
5.5709
5.1046
1.6303
3.5
3.2413
3.5469
5.0366
7.5286
3.3047
8.105
8.3839
2.1776
4.1429
2.8344
3.9549
2.8274
5.9158
3.8816
1.9127
7.898
4.5368
6.5249
1.7143
2.0227
11.7794
2.6506
2.9559
4.0391
5.7358
3.1773
2.2917
15.0001
3.6845
4.3333
3.8958
2.2969
4.1099
4.8
4.3125
3.6458
5.4287
1.7011
2.4375
5.2078
3.7262
3.6422
4.6855
1.8224
2.3804
6.3052
4.4375
5.5954
2.5089
4.1411
4.9286
1.1915
5.8779
2.9187
5.17
4.5662
1.8214
4.0529
6.6321
2.5926
2.8958
3.6618
2.5417
4.8482
1.8485
4.8214
2.0956
2.25
7.2478
2.4555
3.7344
1.6786
4.1375
2.0556
6.7115
2.75
4.5294
4.625
5.5496
5.6409
2.4615
3.1583
5.1014
5.9055
3.1106
2.85
3.3214
3.8259
3.4167
1.3654
4.1181
5.1169
6.4335
4.3194
3.7667
3.1094
3.2813
6.4823
4.8984
4.8977
3.9167
4.7679
2.4348
2.4042
4.8173
1.4817
5.0162
7.3267
6.1463
2.8906
3.692
3.3553
3.733
3.7019
4.3693
2.3456
5.2608
4.0333
8.1039
2.8125
2.5
0.8362
3.1786
3.1131
3.3068
0.8571
5.3955
2.9866
2.3393
1.075
5.0622
2.6734
2.8631
3.8125
4.6111
2.4375
1.9063
1.9808
4.1731
5.3409
4.9879
6.2452
7.672
1.625
4.7853
1.4598
0.536
6.0497
4.7612
15.0001
2.9896
5.3294
2.2019
4.1417
3.1635
3.0
4.8409
2.7538
5.1045
3.3889
1.1602
2.9784
1.9848
3.4456
3.053
5.6642
4.9769
5.6958
5.1755
5.0479
2.875
3.9722
3.6343
3.5865
3.2396
1.4423
2.8007
1.625
1.7467
2.1563
5.3446
2.234
3.5491
1.8238
2.7254
3.024
2.3594
2.7778
4.81
6.0678
15.0001
2.5202
5.5036
3.6667
3.5569
9.0683
3.2639
1.6341
5.3131
4.2472
1.4418
5.0282
1.976
4.7426
2.48
3.5744
3.5313
3.0081
3.775
4.9783
2.8586
4.5893
2.0455
3.6369
4.9292
7.3561
2.7308
2.6625
2.225
2.6518
3.6111
1.8185
6.8219
2.8482
4.1379
3.0153
5.2837
2.8182
4.2083
1.7038
3.6
5.4675
3.7807
5.4858
1.2232
2.5313
3.668
5.4193
4.625
4.2059
5.5469
1.9194
2.0161
1.6944
4.9688
2.181
2.2895
4.9271
2.7028
5.0145
7.732
3.4028
2.4906
1.4911
4.4821
4.945
3.1607
2.2083
4.8917
2.1107
1.4676
5.5388
7.8575
3.8571
2.7813
5.0714
3.9615
2.6901
3.0033
1.6903
6.0531
6.2296
7.1069
3.8187
1.3062
2.0132
5.3184
3.0972
4.0781
3.4375
2.4286
4.1167
5.9171
1.6716
3.2591
5.5085
6.5755
4.0625
2.0938
5.2149
5.1145
1.8929
4.4464
2.2794
3.449
4.3594
2.1719
6.8773
9.1078
4.2
3.5484
2.5784
2.5882
5.31
3.6538
3.141
2.785
1.8854
3.7941
2.2339
1.7167
8.3605
1.7546
2.2396
6.5044
2.5504
3.5521
4.0652
2.1573
3.5938
2.8977
4.0764
3.5486
11.3421
5.7248
4.5918
3.5347
2.6495
3.436
6.2048
4.8375
3.1786
3.0125
6.7587
5.7415
3.1781
7.7684
1.4079
3.0375
5.5
3.628
2.4069
5.0603
5.8509
1.75
5.5581
3.2262
4.0
4.016
4.8456
2.5655
3.5375
2.765
4.5
3.153
1.9297
1.3194
2.9271
7.5
3.5313
2.3173
2.8793
3.8438
1.6331
2.35
1.8514
3.184
2.125
3.6908
2.6103
6.2185
5.1321
1.1964
1.6887
5.09
4.3899
3.7282
5.9676
4.0795
2.7679
2.0417
2.625
3.6437
4.1862
4.2865
2.7321
3.5817
4.6786
5.8239
1.8463
3.705
5.8393
2.9922
7.5
4.7656
2.1336
2.8194
3.3333
4.7695
2.1354
4.6
3.7917
4.9125
2.2667
2.8036
5.9345
2.4375
2.3276
1.879
8.0331
4.0938
2.2216
1.9487
4.5417
2.4
3.5729
1.9722
5.7951
1.119
4.2644
2.181
3.901
3.125
3.8036
3.5625
5.9289
2.0284
5.2452
5.1005
15.0001
2.7417
2.6964
2.2381
2.7981
2.9405
5.0527
1.5449
4.0653
4.1843
3.3545
3.8819
7.2477
1.7875
2.0057
4.1827
3.1563
4.2297
4.7917
5.8777
2.0987
5.6263
1.8843
2.3575
3.8304
1.6667
3.8203
7.8005
4.0049
2.5733
1.4419
2.2583
2.7768
4.1116
6.4328
1.871
3.7059
2.9615
1.8333
3.8194
7.9234
3.8333
3.0357
3.9479
6.5576
3.7917
1.7727
2.25
2.3517
2.2917
5.0196
3.0021
4.4567
4.025
6.256
2.3438
2.675
4.3846
3.4583
3.0877
10.1447
3.0132
4.875
5.8127
14.4219
10.0549
1.9236
6.4865
2.0114
2.5763
4.125
4.25
3.358
3.2943
2.875
4.375
2.9511
2.9821
3.1392
2.0347
1.6486
3.0714
3.625
3.3542
3.6016
4.8286
5.0114
2.286
3.9395
2.963
3.5256
0.8952
6.5515
1.5565
8.2159
3.9722
2.2808
5.1534
5.02
4.3164
6.4667
4.59
2.0417
3.0341
1.6776
5.0947
3.4427
3.16
3.038
3.8576
3.3438
2.9083
3.8565
4.8194
1.7176
3.5326
2.75
3.5223
2.0074
5.7762
1.5625
4.875
3.5625
3.1146
3.1455
6.2217
3.125
2.6172
2.875
1.8429
4.5
6.5814
4.0391
2.7788
6.5513
3.0486
1.6875
4.0114
5.4284
4.0469
3.0104
2.489
2.4474
3.2984
2.9
3.1607
6.3325
1.6488
5.9941
2.9469
5.0698
3.369
4.575
0.6831
3.8068
3.5583
2.9
4.4387
2.9243
3.6583
3.5521
3.0052
3.1958
5.0514
6.987
6.6657
3.3438
3.1979
2.515
3.3966
3.8899
3.3125
2.949
5.2374
2.1705
1.6581
4.4107
5.1498
4.2619
5.2596
2.7179
4.6667
3.0403
4.0167
9.042
3.2386
4.635
5.0477
1.9962
9.8937
5.4155
2.3041
3.6667
3.6607
1.7039
1.75
2.5
10.2292
3.1917
3.662
8.8062
2.6777
4.6406
2.3578
2.4375
2.8929
3.7813
5.0731
2.1167
2.6403
4.1807
2.625
2.5368
2.7159
3.7043
2.7159
2.5294
2.2946
1.9907
8.4546
2.0133
5.276
2.2206
2.2791
4.3594
4.225
4.3981
4.3661
4.3906
1.65
4.775
4.7708
4.2857
1.6607
2.2989
3.2216
8.0599
6.3191
3.0078
4.665
4.0833
5.296
4.5491
4.2614
1.9045
2.4271
3.4432
2.5104
1.9667
2.4286
2.6729
2.5966
2.551
5.3185
3.9844
4.226
2.0978
5.7535
6.7196
3.5208
2.1135
4.0819
3.525
4.6484
1.6554
3.3906
4.1953
4.0211
4.1298
2.59
4.65
3.7375
2.5461
3.2386
4.6328
3.1946
3.0912
1.8156
3.1346
3.767
2.3958
2.5284
3.5586
1.9464
5.5118
7.9976
3.8913
2.1964
2.7
4.4306
2.2569
4.0737
2.5743
3.1625
3.8304
3.1625
1.125
3.6118
2.2024
1.0612
2.7375
3.395
1.6214
1.8167
4.9211
3.9643
4.2059
8.1484
2.2551
4.0313
5.1778
4.5
8.8693
5.1824
1.7778
3.6742
4.5795
4.0337
4.9327
4.1146
3.0284
6.0666
6.8879
2.2411
2.5474
2.3333
3.9732
5.422
3.2361
7.9761
6.4214
8.3841
4.5687
4.0385
3.4464
10.4277
3.45
3.4764
6.6199
4.185
2.2429
5.536
2.6036
5.6194
4.4042
3.8456
2.2303
3.2917
3.25
4.25
2.6071
7.7589
2.375
4.4038
3.6731
6.1023
2.2115
6.4333
4.63
1.9375
2.9312
2.2788
4.0408
3.5179
3.3989
3.1047
9.1974
5.2326
3.6667
3.4954
9.8098
5.1781
2.9306
3.6806
3.212
2.8125
1.5536
2.9524
2.9643
3.3955
3.0536
3.9375
3.1397
5.1701
6.5778
6.7082
2.8261
6.9014
7.6447
6.0097
3.0571
4.6635
7.5418
6.0224
4.0789
4.5987
2.3317
4.3214
3.35
2.7951
3.0685
1.8363
2.1494
3.59
4.125
5.3177
2.9386
3.1458
2.5893
4.8083
2.1696
3.0119
2.625
4.5833
3.8194
2.3182
2.1162
4.3783
4.0693
5.0877
5.0818
3.2396
0.8527
1.7188
3.3617
10.3953
2.75
8.2375
5.9062
4.8125
1.7225
4.0461
1.4274
3.5057
7.6486
6.7613
5.0764
4.6908
2.5
4.1847
3.4911
3.2875
4.4375
9.267
3.8068
5.5
2.8512
4.542
4.6483
3.7656
4.0074
2.6833
3.5082
3.5446
4.693
2.1587
5.8683
2.6806
5.1384
3.0241
3.9537
3.8081
0.9951
1.6154
3.3026
3.8864
3.0369
1.2269
5.7759
3.9712
2.5162
2.7546
7.2118
8.3646
4.8229
3.1211
3.6058
3.8472
2.8603
3.7396
4.3542
5.2338
15.0001
4.0231
1.6007
2.9735
3.5036
2.8355
1.5256
2.4132
4.7396
3.2792
2.9112
3.0134
3.9519
3.1667
1.8208
3.575
3.4784
1.7641
2.6771
3.1662
2.7284
2.1205
7.7736
4.2411
2.2804
3.275
2.9896
6.0142
1.7
4.2431
3.1406
3.35
4.7298
2.1186
3.227
4.0481
3.3801
6.7546
3.0156
3.05
5.3119
10.2811
1.3971
2.8342
2.0625
4.0298
3.2037
5.25
2.2449
2.125
4.4875
4.2708
4.4094
2.9293
2.9811
3.5541
2.3472
3.0375
1.3846
1.8472
3.3594
3.8651
4.0139
6.1401
5.3244
4.6315
4.369
2.4678
1.9676
2.0368
2.595
1.6607
1.9891
3.5437
3.7635
6.0704
5.7239
3.8667
4.3782
8.2816
2.5542
3.7091
4.2159
4.4367
3.7869
3.1851
4.4063
4.7943
4.7831
4.1692
3.4643
4.605
3.6094
2.5139
5.4544
4.3657
1.9583
3.9868
4.285
1.9464
3.7833
2.5111
5.4248
1.9135
3.0
2.83
3.9673
2.1915
4.4485
3.5388
1.685
7.1978
4.2381
3.4505
2.5707
3.3529
1.2347
5.5151
3.9514
2.2262
5.6306
3.825
2.5852
3.0909
9.1373
3.8906
5.1491
2.7857
1.875
5.7676
4.3667
5.6754
3.625
4.2917
1.6236
3.2024
2.6921
7.2893
3.52
3.3005
3.7232
3.4491
3.9699
1.5817
5.2536
4.9792
4.2031
2.1042
6.1349
3.0135
1.5635
7.1262
2.3421
7.8164
3.1065
3.3922
3.0179
1.7542
3.4297
1.9844
5.5921
5.2203
3.0924
2.0331
4.6327
4.3427
3.2031
1.7562
2.7075
2.2206
4.1165
2.8203
6.1648
2.625
8.7974
4.2679
6.155
6.439
3.6429
4.2361
6.994
3.1076
3.0833
3.2174
5.373
7.0592
5.2598
3.25
3.9917
6.9454
4.4213
3.0625
2.5556
5.0143
3.6817
1.1122
5.6204
5.6651
2.3583
2.25
3.175
3.6505
4.3587
2.5132
4.7308
3.1719
5.5362
2.1875
3.7066
3.4231
2.3077
3.455
4.1554
3.4912
3.7031
5.3311
4.5458
4.25
3.287
4.7094
2.7157
5.4847
4.625
3.9792
4.6277
1.0227
5.6945
2.9083
3.2056
4.4531
5.1788
2.1058
2.8182
3.4417
3.2019
1.585
4.7639
6.1175
1.5064
2.5444
5.7794
2.4049
5.0907
12.7823
3.865
2.4811
2.3869
3.5859
4.4
4.8214
4.0
2.6518
4.7361
6.7287
5.2185
5.154
15.0001
4.2121
2.3309
1.4896
2.2333
3.6742
10.3345
3.8125
2.6397
9.821
3.1827
4.2262
1.5217
7.4734
2.9271
3.5504
3.3177
1.645
2.6964
4.9615
1.8958
3.7562
6.7248
5.187
2.4375
3.2188
3.3889
3.9766
4.5659
1.6318
2.6014
3.3199
3.09
2.9875
1.6943
3.5385
5.5179
2.8478
1.8681
2.4435
2.0657
3.5055
3.0907
4.4831
4.4766
2.8072
2.5625
2.1818
5.5563
6.4232
1.7206
1.722
3.6625
2.8667
3.5667
3.8095
10.1357
3.7143
3.925
3.3571
5.1437
4.1397
5.0672
1.9833
1.0516
2.52
5.9546
3.0806
2.25
6.0857
1.7708
5.8186
2.9545
7.2972
6.2778
2.9044
5.8721
2.6739
10.898
2.8062
4.8508
5.3074
3.3348
1.4089
10.3894
4.2875
3.3667
2.9083
1.745
5.2661
3.5192
1.6953
3.5893
6.993
2.5473
2.2401
2.6364
7.2772
3.8846
4.277
3.7895
6.0199
4.8036
3.6364
2.8085
5.8068
4.5625
2.65
6.3231
3.0673
2.2174
4.1189
3.9808
5.451
3.6037
4.3203
7.6933
3.7413
2.9293
3.0
3.3438
2.9413
7.4787
7.4353
3.6111
6.0891
5.4482
6.174
3.4492
2.295
4.2222
2.9828
1.9637
5.4273
2.5
3.2652
3.8125
1.8068
4.3603
3.4187
2.7336
1.4589
4.2583
3.125
5.3623
1.7734
3.0431
4.53
11.0911
4.7276
0.4999
7.4713
3.2069
6.5616
6.6368
6.0553
6.0338
3.0905
2.7536
2.4821
6.7644
6.2702
4.6336
3.0184
2.5042
12.0372
6.5755
3.3565
5.1305
2.5
3.9352
2.5781
2.875
6.1195
3.6953
6.8976
4.2733
3.3214
4.801
3.8456
3.9333
3.1111
2.3382
4.0043
4.5469
3.025
1.6645
0.9914
1.9056
1.9167
3.1382
6.9682
4.2542
4.375
2.9982
5.6454
3.1513
3.2091
4.8355
2.166
2.2244
5.1857
6.0749
5.0346
3.5625
2.16
3.4327
2.7083
5.5843
3.4196
5.4625
4.1339
3.5272
5.1333
3.2794
3.6849
2.7019
4.072
2.4643
4.0027
2.1766
4.8036
2.0147
1.6585
3.0216
1.375
2.0486
2.1078
1.7321
6.7474
5.8661
2.1383
3.9696
3.6759
3.4519
4.8283
3.5179
2.2328
2.2292
3.875
5.9585
7.3522
2.5
2.5387
4.0865
3.7625
3.4015
4.4773
2.2125
4.2098
1.7929
1.7986
2.5343
3.0726
5.5591
1.9063
5.5
6.6544
2.2377
2.4922
3.9844
1.9688
3.148
4.5625
3.525
2.8015
5.4088
2.4267
5.1391
1.8242
2.7404
4.0583
2.5625
4.2019
6.1359
4.7402
2.5074
3.0305
3.5469
3.5167
2.8942
4.5938
3.2917
3.5625
5.0951
3.7835
5.4221
7.0897
2.4464
10.9704
2.178
2.7201
3.1049
3.6389
7.7364
3.154
4.475
2.0995
2.127
3.3616
2.9213
2.3194
3.125
3.6625
4.21
3.2599
2.7708
2.2653
1.3444
2.9222
3.2708
4.8152
5.0
5.75
2.7079
4.419
4.7969
2.4219
5.4032
5.6427
1.7875
3.2447
4.087
1.125
4.9167
3.9531
8.1657
2.3359
2.567
1.7614
4.5
2.375
3.5313
2.2734
1.5625
2.9934
1.7875
4.1797
2.0455
2.9934
2.1793
4.3403
4.9079
2.5707
3.0212
3.3571
3.6486
4.8
2.6949
3.9464
3.6563
2.1776
2.754
2.9375
3.6607
4.5708
3.2813
3.125
3.6693
6.6324
7.4029
4.3906
3.63
7.0544
3.9028
3.0294
3.1272
3.5806
3.725
6.2917
4.5246
1.8654
3.0156
3.4839
5.5683
4.0966
4.8125
2.6384
4.4561
3.0536
2.7367
1.6352
4.5878
4.2137
1.1458
4.1711
4.8906
5.8369
4.5062
2.1029
4.9024
1.7679
3.4327
4.7105
2.1912
7.642
3.1327
3.4013
4.7625
3.5156
3.4514
4.9375
5.5357
2.6567
3.1
2.3221
1.6625
2.2656
7.585
2.7011
9.8144
3.6989
2.1429
3.1832
1.95
2.3261
4.2981
2.5917
3.5214
5.9009
5.5048
4.66
3.0461
3.3583
3.0391
1.3696
4.675
1.4653
4.375
2.0682
8.0239
4.0781
2.2083
1.9423
4.25
9.8413
2.1056
2.4342
3.599
2.7316
2.9514
3.4005
4.125
3.267
5.7652
2.1764
3.0357
4.023
3.8719
1.4853
3.7067
5.1663
2.2311
4.4097
2.8393
4.8333
3.0125
3.0503
1.7463
2.5694
2.1055
7.2472
3.6087
3.5268
2.8922
3.6797
5.5127
3.0893
1.85
12.2145
2.125
1.4632
2.401
2.5488
3.8816
3.962
5.4042
3.3088
5.5124
3.4152
6.4288
2.1615
4.0742
2.4091
4.5395
3.925
4.6207
4.0283
2.085
2.507
2.3516
2.1435
2.2652
5.3169
4.0625
4.7361
2.2875
4.1591
1.6557
3.0938
5.7422
6.1966
5.5126
4.4148
1.4279
3.4464
1.625
3.1711
3.625
0.4999
6.148
6.3703
3.455
4.1181
3.6875
2.136
1.7
2.6812
4.7235
3.8506
1.7945
3.0944
2.5988
2.0417
5.8426
3.9054
2.725
3.4286
3.4306
5.9838
3.0417
3.1667
2.625
4.0345
3.8618
2.1116
6.0829
5.1207
3.9886
4.0071
3.6025
3.4018
5.8518
2.34
4.5476
2.6847
9.802
3.5
3.9219
3.4688
2.5278
8.5759
2.3305
3.9926
4.0223
3.06
10.0968
2.2437
2.375
5.6413
5.6051
8.4952
1.7402
2.8169
1.8299
5.1074
3.0119
2.1074
4.0846
3.2813
2.9321
3.3162
4.7083
4.1652
4.0893
4.2656
4.0256
2.5
7.3644
6.3403
8.8281
6.9405
6.8553
1.8205
2.7019
7.7261
4.0114
3.5345
2.0675
1.5714
2.3906
1.9219
1.7196
3.6607
6.011
7.2707
5.1048
4.6852
2.5833
3.045
6.6539
3.7583
3.3869
2.8214
2.9567
6.5308
2.875
7.3861
6.7785
2.6023
2.6654
1.82
2.9722
1.9141
4.4085
5.9806
3.2685
3.3636
3.0265
1.6759
3.0515
3.4444
5.2391
4.8173
3.0257
6.0076
4.9932
3.1029
2.6768
4.119
2.6354
2.6667
2.9762
3.9018
3.5972
4.3036
3.1848
3.5497
3.5962
3.375
7.8195
1.8447
2.8203
2.7344
3.4531
5.388
3.8681
4.075
1.9707
3.855
1.4511
3.9792
7.439
5.0858
4.2898
2.3159
7.7197
1.5933
4.4722
5.8718
4.475
3.1324
1.84
2.2969
2.2466
3.6875
15.0001
3.9734
2.7875
3.1842
2.3895
1.9961
4.6648
2.3571
8.0784
1.9937
3.7821
6.6447
4.7891
1.6321
1.9688
2.3882
3.4151
3.5848
3.9647
5.6402
10.3713
3.8427
2.3205
3.7333
6.6049
6.6478
2.2482
2.3929
1.5278
2.7639
4.6186
3.8625
2.5223
2.6292
2.3879
2.625
4.5833
1.0531
2.9423
4.1111
15.0001
3.625
3.9531
3.5822
3.139
7.0326
2.1691
7.5426
3.5625
2.875
2.7593
2.0972
1.625
4.0417
1.4267
4.6375
5.6152
4.375
1.0521
10.7326
5.2035
2.7083
4.6
9.1808
3.1949
5.6558
2.8025
2.4583
2.8155
2.3675
3.0382
3.0568
1.3801
2.4912
2.0789
3.775
4.4821
3.9167
2.3179
4.2833
3.7359
2.1522
5.2034
3.0
4.5208
2.2054
3.9821
4.1786
5.549
4.8295
6.1183
3.4836
2.8542
4.5446
2.9643
1.9605
4.6528
3.125
2.5068
4.601
2.3155
4.2273
4.0549
3.2312
4.6591
4.2222
3.3854
2.2216
4.0221
3.8333
2.2604
2.2321
2.8192
2.5553
1.3684
4.1083
3.6923
6.2609
1.8523
2.9605
8.7397
5.159
0.9365
5.1878
4.0972
2.0136
4.8438
2.2847
3.2216
5.4536
1.6148
3.2969
3.2234
2.3108
1.4803
6.7061
1.7969
2.6066
3.3036
5.5959
5.0875
4.2891
5.3169
3.6761
7.5953
2.075
11.6677
2.0833
8.6718
6.0358
7.4882
1.8818
1.962
2.5547
2.7661
3.886
3.7237
3.1235
7.2147
3.2229
2.6667
2.6957
6.1628
2.75
5.1668
4.6452
3.7578
3.4835
1.6023
2.3566
6.4664
3.4506
4.9844
3.2917
6.0194
1.9417
4.7568
5.7476
2.7434
3.996
3.0962
2.6178
2.6981
1.186
3.369
7.2708
1.7188
2.1976
4.744
3.3687
4.2639
3.6645
6.4319
2.75
6.0286
3.1607
2.5441
5.485
3.15
4.4853
4.556
4.875
6.077
2.2727
4.5721
1.5143
4.1429
2.6648
2.3403
2.2618
4.2768
1.5774
10.4835
2.5812
2.6667
3.5667
1.5846
4.061
4.7143
3.9485
3.8036
3.0299
5.0253
3.9659
2.6509
2.5125
1.8681
5.634
2.0288
6.0791
5.6392
4.0429
3.725
2.5523
3.5789
2.3567
3.1677
4.8526
3.13
2.1524
2.1607
1.3187
3.4559
6.1825
3.2875
4.8816
3.4375
3.8201
2.7917
2.81
6.4114
6.4218
4.0
7.6632
5.8831
5.2446
5.5248
1.875
4.1552
2.6424
7.5695
4.69
2.9018
4.7031
1.4282
2.1471
3.35
3.0057
6.0436
3.6563
8.8793
1.2098
2.0242
1.7375
5.7764
2.1382
3.2426
4.1705
2.9479
2.8472
3.7143
4.7069
3.7738
8.5326
4.9643
6.1007
5.4836
4.1679
2.8447
1.6815
3.1682
3.3906
2.8603
3.2679
6.2082
2.0436
1.9528
5.0839
2.7092
4.1213
3.0917
4.4375
3.8906
3.6343
6.4781
4.8304
2.8233
3.3333
2.7183
3.5625
5.7068
5.5136
3.8542
4.6602
3.6711
3.335
2.4196
3.0147
2.3981
4.0603
1.7303
3.2639
5.7934
2.1786
3.996
4.1369
5.6399
5.766
3.6583
8.2037
3.8586
1.6295
6.075
5.2523
6.8642
2.5982
3.675
1.3696
4.6302
2.891
2.2083
6.7543
2.5391
3.5529
1.8849
1.9821
5.237
10.2264
1.9402
3.625
3.9758
3.2158
3.5278
6.2498
1.1552
1.7778
3.0781
5.1269
6.0538
6.2748
6.0368
2.9621
1.2887
6.776
1.95
3.6186
3.0347
5.5312
6.6605
3.7891
5.1416
2.9469
2.3333
3.6667
4.4167
11.0492
6.2475
6.9081
2.2596
2.9097
3.2228
5.3359
3.75
5.3733
2.3843
4.8962
3.4471
2.0172
3.9156
5.0855
1.5676
6.3654
3.1768
8.0069
2.0385
4.8
5.0808
3.205
3.15
2.9531
2.9459
3.2583
2.1763
2.475
3.875
1.2292
4.4777
1.939
3.4899
2.619
1.767
4.8611
5.2897
3.5156
4.4423
4.6484
2.2813
1.8095
10.076
3.4784
3.8646
7.1572
6.4667
3.4286
7.5337
3.8026
3.625
6.0577
2.5156
2.875
6.7857
3.8068
3.1042
7.2354
2.2619
5.6533
5.6058
2.9915
15.0001
3.7784
7.7112
4.95
5.64
6.5253
6.597
4.5125
2.2679
1.3386
4.9107
3.1908
6.1593
2.1273
7.8177
2.5272
5.3701
3.0546
2.2402
5.038
2.9485
4.252
2.1786
2.3304
3.6161
3.5417
2.425
3.2813
7.0712
3.7344
3.0958
2.1157
6.0266
6.3302
2.6181
1.8472
1.4833
5.3794
4.7941
4.5337
3.5125
4.0938
5.0621
6.8419
2.3111
7.0352
2.7863
1.2841
5.2882
2.561
4.825
3.2338
3.6296
2.2411
3.3776
6.0876
2.56
1.1635
3.3125
1.3973
4.4318
4.875
3.5769
3.5114
3.6181
5.9369
15.0001
4.825
4.1042
2.2024
5.5248
3.3929
6.015
1.494
2.5062
2.9583
2.625
1.1194
2.4817
1.5227
2.7717
4.7813
4.1375
3.2222
3.0893
2.8833
8.0015
1.9029
1.7829
5.6921
3.0377
3.6974
2.6667
3.7969
2.5872
1.9688
3.337
2.3487
4.0
1.0585
4.3947
3.1667
3.1607
4.0437
3.4911
2.3711
4.6182
3.3565
3.0912
3.375
3.9
4.9861
4.1607
4.0806
5.0
3.125
2.6182
2.8622
8.0095
3.0345
3.5508
6.3373
2.006
3.5167
2.7652
1.9625
6.46
2.5506
3.5972
3.4695
2.3584
1.9875
1.5139
3.0083
2.3175
3.3173
8.1611
1.7656
1.4625
2.4722
3.2879
7.7932
4.9524
0.7473
4.7105
6.9326
3.2465
3.5213
3.6086
2.6333
8.3209
3.1517
3.5735
4.1719
4.7208
4.337
5.6017
3.756
2.8924
3.3125
1.7344
2.7443
1.6213
3.1406
5.5102
5.9619
2.2267
2.6165
2.5795
2.3438
2.1
5.4359
3.6458
1.3
2.1198
4.0579
3.5403
9.7646
6.019
3.6413
3.7383
2.4459
1.3385
3.3214
4.5
3.7139
1.2404
3.25
1.1638
5.1647
4.5714
2.7451
10.3979
7.1155
2.8298
4.8125
4.6534
4.0
7.9611
2.1518
3.4074
2.2125
3.3021
3.625
3.816
2.4281
2.1199
1.7639
2.9844
2.11
2.9386
5.1488
5.1993
3.3438
2.875
3.0469
4.0517
4.2283
2.9076
5.8548
4.1279
3.5775
2.0076
4.0909
3.1929
0.9337
2.8
3.8125
3.8512
2.9
2.7361
6.195
2.2467
10.2614
4.5417
4.3548
2.8021
2.3889
3.4868
2.7045
3.4952
4.6176
3.3368
2.6652
3.2857
3.7065
3.5707
4.0977
3.7
4.8359
3.8936
3.3176
2.125
4.6765
1.6632
6.0808
4.3194
1.6806
1.3333
3.7917
2.9632
3.7846
3.4527
3.7466
4.1375
4.1
2.1466
5.1165
2.7083
2.1652
6.7159
1.6319
2.4333
3.1406
6.2893
2.4934
3.2206
5.0092
7.5
5.273
5.618
6.5635
3.475
5.4216
2.462
4.8966
2.1875
6.005
3.7538
3.3785
2.3229
4.7159
3.0189
2.5904
4.1635
2.5755
3.3889
4.7768
3.2426
2.6997
7.0842
1.4007
2.7212
4.0042
3.8864
3.7772
4.4375
2.9097
2.875
2.1782
1.9241
5.7512
4.9537
3.788
1.8625
4.9219
4.0
4.0909
7.1267
4.3696
4.3214
4.4583
2.6998
2.2454
3.5288
2.0154
4.275
1.9671
6.3822
2.3571
3.0296
3.5673
2.0323
4.9153
4.3438
4.8611
2.3958
2.9896
9.7449
2.9154
1.7308
4.2972
1.6686
2.5781
6.8075
3.4625
3.6
3.9583
3.9032
1.4732
4.2241
9.6023
4.4015
2.7374
3.6023
3.39
3.8456
2.1136
6.9096
2.6205
5.195
1.372
2.7436
5.1909
3.1378
2.0246
3.1538
3.3315
1.5026
3.3445
2.2155
4.1058
2.537
3.575
1.5
8.7591
8.0922
5.543
3.5833
8.1132
5.3433
4.4474
7.2589
1.5781
3.5511
5.8703
2.6742
2.6848
3.375
4.7195
4.9688
3.244
4.5333
4.4375
2.9392
5.1837
3.1621
9.337
3.6389
0.9566
1.3039
6.3002
3.567
3.025
1.5203
4.8015
1.4028
4.3687
3.1696
5.1805
4.0667
3.1475
2.99
3.5882
1.5909
1.1979
3.233
4.5112
2.8977
1.4429
1.2639
2.3
3.75
6.9532
4.325
4.6161
4.1734
5.2396
7.7743
4.1029
7.5619
2.8594
4.3839
5.753
2.6792
7.2675
6.0889
7.6166
3.775
5.1814
2.3454
5.7619
2.1866
4.0982
2.2993
2.0674
3.2383
2.2926
4.0
2.6074
3.2125
3.0
1.6983
2.3095
1.7158
5.3016
1.2542
5.069
4.0611
2.0857
2.9444
2.0786
3.1364
5.9401
9.272
4.4375
4.4038
13.2935
4.4464
2.4559
1.6094
2.4856
3.2891
6.1785
5.6875
6.6712
4.5446
6.2871
2.6531
2.7685
6.8198
8.0103
2.125
2.598
5.4508
8.153
2.4167
3.1523
2.6042
4.4875
3.152
3.8185
2.0227
1.9867
4.2222
2.5
5.156
5.5882
3.4583
4.7
2.639
3.7273
1.5872
3.375
5.756
3.9224
5.8479
4.6833
3.9375
2.1487
1.3927
4.99
1.8295
4.7009
3.5156
4.0197
2.1771
6.4963
2.7138
6.0878
2.4135
4.6905
3.525
3.0453
2.2888
11.216
3.2895
1.9013
3.0954
5.2741
7.7234
2.4583
4.955
3.9518
2.0156
6.3501
4.3472
5.8673
3.4702
4.2708
3.2303
3.0417
5.8171
1.7788
3.4609
1.8576
3.8426
2.75
5.749
4.1471
8.6499
1.0951
6.5954
2.6944
2.875
2.3859
4.6827
5.6234
2.0976
2.9875
3.0347
1.4661
3.5096
4.6467
3.2969
2.7118
4.0313
5.7657
1.0349
2.6288
4.1947
2.6
1.4786
2.4844
2.975
4.1448
4.5833
2.6726
8.4709
4.6161
1.8696
4.0833
4.0625
2.455
1.8407
3.5714
3.5395
3.0777
4.5625
4.6719
2.6858
3.6853
9.0776
1.7743
7.5118
1.9647
5.6825
3.6944
3.2462
4.9743
4.2414
2.6296
1.6607
8.2064
1.9206
2.0272
2.5521
2.2368
4.7404
2.7321
5.5023
4.7039
6.0862
3.6181
4.2778
3.0293
4.6406
3.375
3.7318
3.168
7.4574
3.285
3.6583
2.9643
7.508
4.26
3.1597
3.9485
8.496
5.4351
2.375
2.2788
2.4583
1.9208
4.2011
1.5729
6.767
4.6667
4.537
4.4107
2.4375
2.2976
3.5518
3.01
1.7596
4.3438
4.112
3.5
2.7432
3.5638
1.3929
3.3269
2.975
3.1193
6.2583
2.8966
4.0057
4.5787
2.1518
2.1453
3.5714
2.4191
2.6715
3.7454
7.0548
3.4103
1.9932
4.2304
7.9627
1.8176
4.6681
3.4063
2.575
2.8326
3.5265
3.6875
2.5865
4.1375
8.2069
10.5793
2.8089
1.9224
2.2419
1.1471
1.9549
2.6724
5.3559
2.2083
3.0114
3.1359
2.9306
2.4835
4.76
3.0224
3.5867
2.0888
2.6098
6.3443
5.2449
4.381
12.6417
2.2222
3.7308
4.5224
3.5375
1.4952
2.3438
3.9187
6.838
3.3431
4.125
3.9036
5.5675
2.3774
2.5156
4.6406
5.1067
1.4167
3.0771
4.0833
1.8958
8.4693
3.275
9.6062
1.8095
5.6932
2.5288
5.7451
3.0973
9.5271
4.9286
1.9575
4.2
5.0052
3.0755
4.3173
2.3833
4.9028
3.3882
4.6187
3.3939
4.0288
2.163
3.3008
2.625
7.5925
4.8984
7.8031
2.6098
1.7885
2.1544
3.8512
5.1482
1.6607
3.8269
3.5469
3.1884
1.5982
2.5652
3.1375
3.0208
3.5313
1.9063
1.3194
4.6923
1.6112
2.5521
3.2614
4.1387
5.0254
6.5475
11.6471
2.8727
3.676
1.6602
7.6526
7.105
2.1265
3.1979
2.4706
2.6071
5.7393
4.6786
3.8068
3.9659
6.6678
3.2083
0.8012
7.6107
5.2699
2.0968
3.0461
1.8319
2.8493
5.3238
3.1142
2.3352
2.6125
2.2138
2.5
5.9683
2.8427
4.2935
1.1386
5.0346
1.1875
4.6226
2.8562
8.1888
5.552
2.1635
2.1875
6.6689
3.7452
3.5056
2.8942
4.0556
2.8299
7.8633
3.375
1.9485
4.5769
1.9963
8.2531
4.3598
4.6607
3.6286
3.1507
4.7083
3.9543
2.871
1.175
2.4397
2.525
3.3929
4.7515
3.6417
4.2841
6.5162
7.2692
2.5477
5.5634
2.1419
3.305
7.9813
5.163
3.2241
7.0504
6.7578
2.1944
1.7917
3.631
2.5701
4.3523
7.5
3.7321
3.9727
3.2028
3.3594
3.5481
1.7868
3.95
8.8115
3.588
5.2149
2.0962
4.106
4.1118
5.3681
2.5008
4.8988
2.8269
4.1576
6.5901
4.7109
5.8948
2.9643
6.2708
4.5075
4.6908
2.6417
2.7409
3.95
2.837
3.2279
10.1154
2.1061
5.1365
3.8732
4.635
1.0349
2.5043
3.75
4.125
1.9107
3.7857
1.76
3.5959
6.2944
4.1711
2.6689
4.3321
2.4135
4.2679
2.5129
2.0714
6.3088
3.0465
2.4922
3.7802
2.9205
3.4265
2.125
2.0134
2.0819
2.8203
1.995
4.2015
4.055
3.5542
2.5664
4.0677
3.3375
2.5625
4.7321
5.7519
3.8421
13.499
4.2464
2.25
2.3683
3.0556
4.1444
2.9625
11.1077
1.4688
2.5125
2.6875
2.375
15.0001
7.0059
3.3906
5.3773
4.7237
3.2437
5.299
3.5588
3.6802
4.475
4.6953
2.3536
4.0353
3.8703
5.3727
4.3269
5.1315
4.235
2.8569
5.2864
2.1979
2.8274
1.4844
6.0176
4.7422
5.5176
3.8
2.6716
2.6218
3.8203
2.3393
3.9241
3.4583
3.6833
2.9167
1.7159
2.4595
2.3281
3.1167
1.8571
2.7632
4.9444
2.7794
2.0
3.1875
2.6307
4.375
4.125
6.556
6.3761
2.6812
8.758
2.3851
4.5824
3.8824
6.4209
11.6017
2.0313
3.4861
2.5459
3.2759
5.5418
2.2019
6.6178
6.0
2.8777
1.6036
5.8243
2.9643
3.1053
5.2953
3.1977
5.8096
2.0202
1.4565
2.4922
7.5794
2.4028
5.1519
4.207
6.5645
1.9722
3.1458
3.2857
7.5755
5.9632
1.3444
3.5871
5.3224
5.3637
3.7895
2.75
3.5379
2.8239
3.7958
3.0233
5.2713
2.7983
3.0
3.6667
3.319
4.2703
2.425
3.5859
4.3646
2.9551
5.2308
1.1944
0.696
3.119
1.5227
2.152
1.6333
3.8417
1.4034
5.8966
4.9583
8.7364
4.108
2.5357
1.6892
3.5368
1.7574
2.4306
2.8
5.2557
3.5125
5.4306
3.6
3.5696
1.2875
2.4375
3.5611
9.1541
8.7604
2.8553
3.6696
3.1875
4.8382
6.7694
4.0182
3.4955
4.0433
4.087
1.925
6.5356
5.3124
3.3871
3.3869
3.375
1.6452
4.7083
3.111
3.9722
3.0943
5.5
3.3125
3.8088
3.3864
4.0197
4.0132
4.2599
3.1912
1.8444
8.4614
2.6667
3.9728
2.6902
5.123
2.8071
2.883
4.6821
2.8983
2.7292
2.628
6.4949
3.875
3.0588
2.79
1.8281
3.2569
7.8426
3.0192
3.6161
4.4583
2.7321
4.2823
2.7273
3.3438
4.2006
3.2578
3.625
1.9946
3.9792
4.2647
5.716
6.68
4.5432
1.4886
3.0405
2.9821
1.8214
2.4028
4.526
3.5893
2.9148
1.7756
5.3154
2.1465
5.4346
6.9322
1.7546
1.9167
2.1602
2.3824
5.1698
3.8355
5.2452
4.105
2.5938
3.3452
5.76
6.3735
5.0814
7.5426
3.9306
2.2543
3.1319
6.0398
4.3
2.0893
3.1286
3.3555
2.5842
2.3043
3.7266
3.6811
4.0125
3.1818
7.4382
4.625
4.7279
1.76
2.025
15.0001
4.0153
3.5242
2.7368
2.7275
6.8322
2.0643
1.4886
2.4063
3.2375
4.9702
11.2866
1.8061
4.375
1.5156
3.625
1.4091
1.4615
4.5615
6.07
4.9583
6.7612
2.6979
2.2439
4.337
8.2831
5.1806
2.2599
5.1769
3.3534
2.652
3.2642
5.197
2.2843
2.5158
3.0208
3.9508
2.2094
1.7829
3.5851
2.1382
3.712
4.3958
1.0
2.3355
2.3508
2.9489
6.2503
4.0074
6.7418
4.0833
6.5617
2.033
6.939
1.9412
4.2775
3.5255
2.9583
2.4708
2.6944
5.308
4.5486
2.8558
4.0735
3.1827
9.7912
3.75
2.9016
4.2407
1.7344
3.5583
1.5313
3.3824
4.1276
2.5263
3.215
2.125
3.0972
7.5
5.6493
2.3221
9.3959
5.5133
3.8487
3.38
1.625
3.1094
1.7462
4.6696
3.5488
2.569
3.7552
5.1228
1.4524
1.449
3.5403
4.51
3.7454
3.4861
3.7051
1.875
6.0488
6.126
10.9508
4.2422
5.4288
2.6528
2.75
4.6167
4.3162
2.9107
2.8614
1.1483
3.045
2.5
4.1993
5.0443
10.2666
4.8646
3.7716
3.7102
4.625
7.2096
1.742
4.6556
3.0156
2.7562
4.7245
1.7813
5.4786
2.0
4.375
2.8393
1.837
2.0398
3.0
4.5033
7.7072
1.875
1.5727
2.9773
5.0923
3.2891
4.9434
5.5791
1.3365
2.5164
4.3919
4.0
3.2266
4.6806
1.2375
5.1771
5.0232
2.4038
3.875
5.0926
5.817
1.7841
3.5691
4.1944
3.8167
4.7269
6.729
7.6012
5.5461
4.1042
3.3878
1.9336
4.6173
6.1043
2.6341
7.1108
1.7393
2.9205
1.8299
3.2841
6.0298
2.3654
3.8837
2.5865
2.8043
8.1596
5.0758
2.7428
2.7813
1.4828
1.1479
1.3527
4.2155
5.8311
5.1696
3.1603
5.2923
4.2802
3.5562
2.7179
1.4773
7.2929
1.6806
1.3889
5.6629
3.8914
6.1601
5.9275
5.6784
3.1496
7.7572
1.7802
2.2612
3.6125
5.2405
4.056
2.4394
1.9167
3.5
3.526
6.9483
3.1115
3.5465
3.2277
3.6635
4.6758
2.125
5.1473
3.075
5.7613
7.3658
4.3458
3.505
4.5481
3.2222
10.06
3.125
3.4187
1.9659
3.6477
5.4074
6.3178
4.3472
4.1806
3.6923
5.4949
4.3125
4.1321
5.0285
7.5674
5.1298
3.9848
2.4524
2.9479
2.15
2.0221
1.9886
1.5603
3.4896
2.9054
6.6085
1.9041
0.9637
1.75
4.0
3.9167
3.0125
3.6214
3.1478
7.9294
1.9719
4.375
3.1979
2.8973
4.9375
9.8708
4.1667
3.6667
4.6127
1.6898
2.1845
5.0754
4.2721
2.0694
2.2241
5.98
2.825
8.7124
5.5342
1.5481
4.5306
3.7031
2.3658
2.5143
4.625
1.6705
3.7045
1.6865
3.9063
4.8889
8.7172
4.9384
11.5199
2.2336
1.1301
4.4861
2.7757
1.9444
4.2679
4.9792
2.075
3.0652
5.1178
4.3148
2.9025
10.4498
2.6023
5.3107
4.7068
3.9934
4.7283
0.8658
3.7969
4.3021
4.1
2.105
1.6122
2.875
2.6522
2.0313
2.2165
5.9684
2.8347
4.45
2.1905
6.0094
4.5
2.9
2.9228
2.6346
10.0595
1.7866
7.6344
1.5122
2.3333
1.1094
1.78
1.7692
1.9531
5.155
4.875
4.6944
2.6094
3.9792
2.7298
2.1071
3.2321
4.6914
4.8693
3.625
3.7433
1.4141
6.3467
2.5156
2.4598
3.9803
3.7321
4.3269
3.2583
8.4262
4.2269
2.9063
3.2444
4.4881
5.3247
3.225
7.652
2.1293
10.9805
2.6607
8.6155
6.8162
6.746
3.6581
4.7381
3.9615
5.583
5.5121
4.1563
2.3373
4.119
3.175
3.5769
1.7679
2.5547
2.4519
3.8929
1.8109
1.5394
8.401
7.0844
4.7804
3.1979
5.0
7.1497
2.9708
0.4999
2.9688
2.8676
3.9185
6.9909
4.6125
5.395
2.1875
11.1557
2.9406
2.0
4.5781
4.6719
5.748
2.5025
5.1762
5.1408
2.087
7.1837
7.2423
4.9766
4.8013
2.5685
1.5152
3.8409
2.555
2.9861
6.5268
6.3719
4.4
4.0469
4.05
2.5909
5.0175
2.8472
3.1857
4.9
3.024
7.8061
2.5013
4.1354
6.1078
3.4643
2.0036
4.7885
4.4565
2.3973
3.2552
3.6597
4.65
3.6141
4.25
5.193
4.875
5.2742
3.2024
5.828
6.6739
2.8625
2.6094
5.5194
3.1853
4.125
8.7819
4.5594
4.2165
1.85
2.288
4.6452
2.8676
3.0694
0.536
3.5802
2.9076
5.3909
4.3362
4.925
2.5603
2.0714
3.934
1.9479
8.4045
4.5486
4.4896
3.4087
4.6875
3.1635
4.1146
3.8875
2.8125
5.2881
2.5681
1.9375
2.0057
2.0673
4.7955
1.8972
2.7708
3.6304
2.0959
2.3633
5.4087
1.6435
3.5083
4.3068
3.6193
4.1033
3.7697
6.0
3.2847
3.3542
1.4722
9.2873
4.125
2.6818
1.4583
3.2337
4.3438
3.0865
2.6563
5.0
3.4267
3.0513
2.0769
2.2866
3.8625
2.6288
2.9583
1.4048
4.0625
4.6875
1.886
1.8975
3.4732
3.4297
4.6875
4.1325
3.5104
2.3463
4.6923
1.654
2.1773
3.73
4.3571
4.8173
5.1023
8.6196
2.275
5.5208
1.9706
1.625
5.2887
4.7193
2.9871
4.3482
4.0074
3.9356
3.1823
5.0719
1.8187
2.0221
2.8833
4.775
2.6573
2.8528
5.4741
3.3125
1.9464
3.375
3.43
4.7143
11.0138
1.4091
2.2833
2.0224
1.7396
8.1356
5.756
3.871
1.4867
1.7083
6.8462
10.6834
2.0865
3.5313
3.4896
5.9088
6.3794
1.9354
4.1544
6.827
3.4453
4.55
6.5006
3.6445
1.9375
3.2232
2.5969
8.1221
10.3682
4.9205
2.7477
1.7132
3.0903
3.0526
2.5268
8.2004
5.3307
5.8758
2.3571
1.2222
2.6893
1.4048
3.2596
2.6779
3.1497
4.0775
6.9501
4.4228
2.5052
4.9091
4.375
2.0549
3.67
3.9936
3.9375
1.3157
1.6597
1.35
2.03
3.4762
2.53
2.4911
5.0369
2.5658
4.7105
5.3267
1.7165
2.9432
4.5833
3.1821
2.9769
3.7184
1.5743
3.0903
8.7015
4.0938
2.0391
3.7647
3.1786
2.3851
2.0885
7.6864
4.2212
2.964
2.125
2.2768
5.4236
4.7188
4.5
2.0348
1.7292
1.9167
2.5804
3.8917
5.0102
1.7708
2.6786
4.2917
4.0729
2.0511
6.2028
3.6875
5.1643
1.7054
2.7778
6.5382
1.7806
2.2625
2.1439
2.1681
3.0864
2.2208
3.1212
3.5903
1.9028
3.7583
3.087
1.8304
4.369
5.7881
3.0625
3.95
1.4646
2.3611
3.75
3.5838
3.375
7.5443
3.4125
3.5655
3.4107
1.9
4.5943
4.2188
3.125
5.1602
4.0455
3.25
3.2147
3.3187
1.9535
7.8407
3.0708
3.2723
1.9386
3.0893
4.6354
3.6964
3.0219
1.9583
4.7027
4.2851
4.7083
4.2026
3.3995
2.5362
4.0219
2.8438
1.439
2.3798
4.1632
5.7601
2.8893
8.4284
3.7375
1.87
4.125
4.7009
2.4464
5.1781
3.668
4.0125
5.2421
1.6955
2.9432
7.8139
1.875
3.0
3.6484
0.9838
5.37
2.4741
3.6083
2.9808
4.1083
4.1528
1.7849
2.25
3.9143
5.0156
3.9625
4.6761
2.8229
3.8393
6.3021
3.9659
2.9798
2.8024
5.9856
6.8634
3.695
5.6356
2.4185
2.3068
8.2961
6.7064
4.5774
2.7344
2.6563
2.9083
3.125
4.2708
3.16
4.7813
4.1708
7.1687
2.1607
1.7714
1.5758
5.2443
2.1856
5.9113
1.6944
2.8456
2.7846
3.1062
1.6827
3.1667
5.9339
1.3485
2.1792
2.8438
5.7057
3.5
5.2276
5.6096
1.4318
2.8036
3.6765
5.136
1.8007
5.0519
6.234
4.74
8.3474
2.7188
6.1181
5.1654
3.7277
2.8375
2.4205
3.4808
5.3032
3.9375
4.0313
6.2323
2.5172
2.4079
4.3911
1.1742
4.1792
5.3368
8.6001
5.4746
1.7432
2.0221
4.8295
8.5608
5.2362
4.1949
2.996
3.1078
5.316
5.411
3.6875
2.8594
4.317
6.0661
4.5086
2.6713
2.0915
4.0
2.29
3.6667
4.5187
2.8214
4.8929
3.3958
3.8068
6.0424
2.3304
7.266
2.8365
2.8295
2.6694
2.0043
5.0099
4.7778
2.0162
3.8462
5.0774
2.2042
2.7434
2.9973
4.3523
6.244
2.2417
4.0167
3.6094
6.0722
4.8542
2.9118
5.5228
3.125
2.49
7.7643
7.5372
5.5
2.6217
4.4904
2.3545
3.6343
7.6229
3.6458
4.0
3.6932
3.0972
0.9948
3.4
2.6629
3.6979
4.3472
4.9904
3.1397
3.0365
2.6477
5.4602
3.9009
4.2212
3.5506
2.0673
2.5326
3.5
5.2312
3.6856
14.2867
3.2484
3.235
3.2353
3.3839
3.338
7.1221
2.2902
5.1064
3.115
5.6266
6.3427
1.5417
3.6016
6.0961
1.8523
2.1151
10.8034
4.1295
2.1442
2.25
2.275
3.5313
3.5073
4.25
3.0833
4.5833
4.6477
6.5842
8.1124
2.0417
0.9782
3.175
1.3269
3.9934
3.4609
3.4208
8.248
1.7325
6.8677
2.084
2.7222
6.5958
2.4821
3.4306
2.1875
2.218
3.625
3.1875
4.9773
5.5872
0.4999
6.1805
4.2411
3.0086
4.2902
3.1641
2.2708
2.5208
4.9196
1.875
3.8317
3.1648
2.9861
5.2118
4.7361
3.0606
2.8393
2.0658
1.2786
3.9812
1.4427
1.3348
2.1189
2.0357
3.0417
6.7927
4.35
1.69
9.3586
1.4015
6.1552
2.975
4.0882
5.2129
2.9286
3.0774
3.5744
6.1275
3.3125
5.4498
1.3708
4.002
4.0524
2.7377
5.1483
7.2216
5.8461
6.3814
1.6452
2.4414
3.6832
3.5547
2.2222
6.01
2.8247
3.9625
3.3906
2.0307
1.9176
4.1125
1.9766
2.0173
3.825
2.6268
7.5
2.25
2.5673
3.5481
2.5245
3.4934
5.8325
1.8641
2.213
2.3844
2.0227
3.8529
7.8118
4.2434
2.1437
1.5595
3.2222
2.7262
2.474
2.5592
3.5481
4.5913
2.6071
5.215
3.3611
2.5474
2.25
2.4342
3.4821
7.1674
3.1795
5.0804
3.8657
3.3261
3.9861
2.5562
5.4065
4.0862
1.6708
4.0806
3.1607
13.1499
1.852
5.6346
3.7549
5.01
5.9164
1.4911
6.5483
2.1912
3.8275
2.1
3.6429
6.323
3.4231
3.0625
2.8514
6.1025
2.7
6.1142
6.7957
5.9541
6.5226
3.9219
2.5893
2.8281
3.1429
6.0574
3.1574
1.6045
2.1579
3.5982
5.4378
1.825
2.5644
1.5625
8.4704
2.5212
3.9632
2.6722
3.25
6.2661
4.0403
3.7222
3.2447
4.1387
1.3438
2.5211
3.069
5.0
1.1875
6.1536
5.5061
5.9915
2.8322
1.8519
4.3611
1.933
2.9167
7.2592
5.7965
6.0308
3.5129
4.1597
6.207
4.3819
1.9049
4.6964
3.6897
2.8889
3.8571
5.5983
3.1359
3.9091
4.9946
2.2019
3.0694
10.4519
3.6474
3.0465
3.2604
4.0129
2.2261
4.0909
4.7708
8.3996
3.1062
4.7273
2.1818
3.8839
4.58
3.6548
6.019
7.8774
5.0359
5.2649
2.6637
2.3947
4.0417
3.5687
1.7062
3.5667
2.5238
3.4323
2.3636
6.0884
5.7819
4.6625
3.5522
4.8125
7.6084
2.4605
3.7813
2.9145
3.0132
3.7672
4.0441
3.0875
4.4545
3.1467
3.4722
2.7348
5.3261
3.2792
10.157
3.4722
4.1861
3.1194
4.3889
4.1477
7.1924
2.2422
4.065
4.1098
4.1447
3.2708
5.7452
2.9474
1.4063
1.0548
4.1793
3.0
2.5921
2.2366
3.116
4.5116
3.6827
1.6875
2.4012
4.174
2.775
5.5701
7.0565
2.125
2.92
3.65
2.9208
2.875
4.2885
5.7398
6.1437
3.8625
4.0368
1.875
10.6186
3.0938
1.9426
6.8591
3.7614
4.5938
0.8894
5.3836
0.8991
2.7583
4.1661
4.8194
1.3587
4.5417
4.26
4.775
4.7708
3.3472
2.5401
2.8621
5.62
2.4297
4.9125
1.7981
2.724
4.1094
3.775
3.5719
1.424
1.9485
3.5114
4.569
2.066
3.8472
5.8453
2.7222
2.8971
6.8586
4.1591
4.0985
3.7533
5.6965
3.7727
5.5454
4.5317
4.25
4.575
2.5417
3.016
1.2548
1.8316
5.4067
3.6654
1.8783
6.3199
2.0792
3.125
3.7949
3.7585
2.2222
2.8542
2.3832
5.9771
3.6538
3.5652
1.975
6.2059
2.8462
12.8665
1.8369
2.7647
6.1527
9.6885
4.5764
4.2305
2.9883
6.0634
3.575
2.745
10.6767
6.0086
4.5739
5.5922
1.9957
1.5223
3.4706
2.3937
2.6842
5.2671
3.4198
2.1382
5.0237
3.0107
8.6454
4.0577
5.3905
9.7037
3.535
6.3013
4.7147
8.2269
2.75
2.2292
2.6576
3.5625
2.65
3.6875
2.6667
4.4712
4.1161
4.025
4.2132
2.8438
5.0574
2.2542
4.8304
4.4357
3.8403
1.3929
2.3333
5.3737
6.9741
4.475
1.8103
4.3553
5.8527
1.975
7.7814
6.0516
1.5
2.125
1.7878
4.7109
4.6111
2.5551
4.4211
3.6417
3.495
2.5893
1.3125
3.7277
3.7578
4.7341
2.1067
3.2661
4.87
5.3625
6.2037
2.875
3.1908
4.6371
5.4224
6.0804
1.7292
2.1679
3.0795
3.5938
4.7813
3.9722
1.8899
4.0798
3.9934
7.2909
5.844
1.4205
3.7841
4.2656
5.8838
3.9226
4.4191
1.608
1.125
1.4
5.0162
4.119
4.131
1.9208
4.2125
1.3092
5.9522
4.81
3.7644
4.7446
2.148
1.3889
3.0588
3.0225
3.5887
3.1968
1.1786
4.975
1.8125
3.0625
2.8393
0.9355
3.1349
3.1429
4.3658
3.6333
3.975
4.8266
7.0674
5.2166
1.8417
4.7946
5.6494
4.5781
2.8
1.8856
3.5
4.625
4.0703
2.0
2.875
7.8528
3.017
1.64
2.8835
3.1111
4.4595
4.0625
12.542
4.0781
5.0287
7.5655
6.2389
4.4609
2.5
3.5
2.3946
5.3765
5.1664
3.4868
2.8333
4.1731
4.5208
4.1316
6.0738
5.1589
1.8426
2.5833
1.1019
6.1092
3.9667
3.1032
1.3657
3.2569
0.7917
2.69
3.6133
3.5833
7.0469
2.5875
4.475
3.3906
2.7986
2.5388
4.3667
4.0076
4.0642
4.4306
0.8185
1.7622
3.6875
6.5147
10.3224
3.0827
3.2596
2.5129
1.9762
2.3281
3.776
5.8898
4.9359
5.1345
3.776
5.75
4.2586
4.125
3.8
4.8
3.6415
1.7652
5.2662
6.2552
5.5275
2.1389
2.1991
2.1776
4.0208
1.1576
5.5106
1.9913
3.0278
2.5428
2.6705
2.8306
3.5562
4.245
5.7201
5.0829
4.0775
4.4375
3.0263
5.5524
3.1389
5.0893
2.7344
3.506
2.9375
3.8594
2.9821
4.6406
4.4818
3.2833
2.2768
5.3339
3.1086
5.2162
2.8
2.1964
3.5757
3.332
5.8418
3.7778
3.8611
2.1422
3.2865
5.0602
4.5237
3.0521
3.1467
6.7703
3.2545
4.8125
2.6429
3.9722
2.8472
4.7222
3.5732
2.6324
6.3517
3.5078
3.8698
3.2656
4.2312
3.0645
3.4167
2.1038
2.8173
2.2969
3.2219
3.5982
6.5322
2.4667
2.239
2.4234
5.6447
4.1339
2.5556
4.75
2.5139
4.8516
3.2664
4.2727
6.1632
1.2029
3.6639
6.3525
4.712
5.0258
4.875
4.5625
4.0391
2.809
3.8929
4.0536
5.1296
3.7426
4.6937
6.9136
2.3684
3.2411
4.7283
8.5325
4.0298
3.7115
3.5461
1.8036
4.9091
1.808
5.8995
6.7273
3.3906
2.8981
2.2024
2.625
2.2692
1.4679
2.24
3.2143
3.6434
4.625
8.7603
4.5163
6.0928
2.3062
3.5164
3.2937
7.1273
4.4286
2.2243
3.6389
0.8702
2.5797
2.8462
2.5737
5.753
7.9187
2.7153
8.0448
5.791
3.75
5.2668
5.888
3.1942
4.0227
5.1999
2.5612
3.9531
4.6042
5.5538
5.6233
4.3452
15.0001
2.1538
3.5682
2.6994
5.1806
3.0909
2.7386
5.6403
4.3125
3.5845
4.4004
2.7201
2.2273
4.7404
2.7155
5.1842
4.25
3.5536
3.125
1.8846
4.0089
6.3401
4.2381
1.23
4.3897
2.7206
2.6862
3.775
3.2632
4.2566
7.8543
4.0927
3.5625
2.2348
4.3693
3.0403
4.6146
3.2314
4.3864
3.1964
2.9709
5.8792
3.0905
2.5195
2.3214
2.2029
2.1165
3.0905
4.375
2.9063
2.6563
3.7639
2.5428
1.9375
5.2067
3.9375
3.4914
2.9187
1.0769
3.2355
2.4526
1.7951
0.8252
5.345
1.7212
6.3967
5.4548
5.1708
4.0156
5.25
3.7109
4.0417
4.2329
4.0686
5.0838
10.7058
2.1518
3.125
1.7734
8.9088
4.2917
2.1434
3.3239
2.7262
3.3682
4.4453
3.8304
11.1121
3.2917
3.7622
6.7247
5.2051
5.4925
5.7415
2.1587
3.3687
2.7039
2.8646
3.6641
10.5941
4.125
2.0817
5.7396
3.0273
1.25
2.5197
4.1319
5.0
8.317
4.8304
2.9904
2.9821
1.7262
2.5809
5.9073
2.0729
6.5338
5.5797
6.7385
3.875
2.2328
2.355
3.371
3.1213
10.7237
4.0365
4.15
1.5321
4.5179
10.0187
2.8929
2.8194
2.6981
3.2083
3.3725
4.8167
2.4643
2.0363
4.8316
4.1389
3.6373
4.2941
2.2083
3.4583
2.5677
2.7917
2.39
6.992
3.6641
3.5714
2.4524
7.75
1.8214
2.25
2.5792
4.1667
3.7326
1.6875
2.7051
3.5625
3.375
2.7656
4.325
3.1979
1.8242
3.5486
3.5893
1.6
3.045
3.2188
4.4688
1.7075
5.5106
6.1049
5.9202
4.8047
1.2041
1.6921
3.6466
3.636
2.3523
4.1319
5.6629
1.9694
4.6364
8.058
3.9338
4.7639
1.8981
2.4053
6.2935
4.4
3.0909
3.8904
2.3381
2.4432
2.8864
3.7663
4.4485
2.6205
3.225
3.4583
4.015
2.5729
1.4937
2.6464
3.7039
2.3071
5.6305
5.539
4.7931
1.9348
3.7708
3.1583
6.4469
6.3712
1.9417
4.5185
2.5192
2.5434
6.8686
3.5777
5.2648
3.3203
1.3371
3.755
1.7284
2.3023
2.0
2.0899
3.9904
2.6765
7.3409
4.6
4.54
4.4091
4.0439
2.6812
3.9674
3.5039
10.1597
1.6952
4.3235
4.375
4.6932
2.6953
2.9338
2.6136
2.679
3.7177
5.3526
6.7599
5.2037
2.7372
1.9928
4.7738
2.5213
3.3125
2.7472
6.0362
11.1118
4.6065
2.5833
1.4861
5.4469
2.8649
4.0118
1.7292
3.5524
3.4211
2.1979
2.1389
10.1316
4.1492
3.0437
4.506
3.0208
2.4375
4.8409
2.7043
3.6531
4.1724
5.2601
5.3259
1.4722
2.9891
3.3182
4.869
3.2465
6.9051
3.3295
2.8981
3.9236
5.1205
3.2375
2.625
6.8722
3.7014
3.02
1.3571
2.5795
3.8464
2.8417
4.6429
1.425
6.1133
3.2115
1.0313
5.4089
3.625
5.1463
2.6654
3.6331
3.7708
2.6397
2.7083
4.1771
6.9754
2.5949
8.5425
3.5875
2.1348
10.2317
1.3269
1.4063
2.8942
3.1305
3.9615
2.5268
6.0653
7.866
5.5926
2.0658
4.0052
5.1645
3.1471
3.5912
4.712
5.4284
1.5863
3.5585
5.0714
2.9821
3.9219
4.1154
2.4459
1.9722
2.5263
3.6429
3.5588
2.6823
3.7614
4.2263
5.6512
3.3333
2.2417
3.7303
1.9923
5.7382
6.0132
1.3906
5.2551
4.1875
3.2375
4.0521
2.9821
4.5461
2.0109
3.7988
2.5969
4.6071
2.32
8.7288
2.8548
0.8246
3.2411
2.9728
0.7054
2.7333
4.5658
3.1065
2.3
9.0704
2.7721
2.6406
3.0132
5.1524
1.8462
6.4522
2.6352
4.625
3.225
4.6028
1.6757
2.2356
2.1776
2.7279
5.4584
3.2077
6.3892
1.625
2.7284
2.1164
1.8245
3.4
5.0855
2.8289
1.9866
3.1587
3.7857
2.2056
1.947
4.5913
2.9926
4.125
7.4581
3.6953
1.1929
3.8788
3.3389
1.6073
1.6395
2.5321
2.4387
1.7961
4.5461
1.7692
2.6864
3.7543
8.338
2.6159
2.137
2.4539
3.9063
5.3062
5.5693
2.5562
2.2201
5.0172
3.6705
2.9271
3.2359
3.4852
6.8654
3.4115
3.0119
4.8229
2.1418
3.25
4.2333
1.8432
4.8092
2.6719
2.7083
2.535
2.7048
5.1412
7.3719
2.4932
3.8
6.0532
5.5357
6.0902
3.5076
3.1196
3.4327
6.0666
4.3839
3.2404
2.7961
4.9803
4.9583
2.9107
4.3222
1.9485
1.8929
1.9926
3.692
7.6144
4.0675
4.2685
8.3792
1.8937
3.1625
2.5667
1.3672
3.7222
3.5978
2.1509
10.0743
2.3062
3.8393
3.1607
3.6401
2.8974
10.5981
2.0529
3.1382
1.8022
3.89
1.1295
4.6944
2.425
4.3438
1.8419
5.8623
3.2215
3.625
3.2188
5.2083
2.693
6.6455
5.1461
4.9485
5.0778
5.7914
3.4058
3.4408
1.7137
2.875
4.962
4.375
4.2731
5.1457
2.0807
3.5
1.9074
2.7799
3.6522
5.5714
4.5938
2.5562
5.0866
5.9114
4.1528
4.8542
2.3077
3.2857
4.0432
4.6394
5.8416
2.3077
2.5395
3.0
5.636
3.2639
3.6518
4.7062
4.0294
5.149
2.7875
6.2135
2.5643
6.9261
6.6437
2.1806
2.6643
2.0893
6.3093
6.7528
2.4674
2.6146
1.6389
3.8333
2.3507
3.7315
3.2024
2.6523
4.6964
2.4338
3.9722
0.536
3.8056
6.1253
5.0861
2.6818
6.7206
2.3605
6.7805
2.5386
4.5032
2.9625
2.2304
5.3057
3.2546
2.8036
2.7269
3.5536
2.8701
2.2121
3.0739
2.375
3.2708
3.9485
5.3099
5.4349
2.4278
1.85
3.8272
2.2328
3.6691
4.8993
3.2824
3.7738
4.1366
3.7041
2.1292
2.4956
3.75
2.3912
2.5489
3.2312
3.2609
2.5703
6.799
3.7198
4.0791
1.9964
2.3169
1.9797
2.9451
3.6312
4.0855
3.1736
5.0997
4.1518
3.0404
2.4375
3.8776
2.7264
2.5938
2.5809
3.2768
2.3712
2.125
4.7325
0.9513
3.2083
3.4777
1.2315
3.1779
4.9674
4.6098
4.0156
2.2101
5.8374
2.3269
4.4583
2.6364
3.6667
2.7321
4.1776
1.69
5.8252
1.7079
4.1406
4.2289
7.598
7.0151
4.4286
2.875
2.8636
3.0962
4.5083
2.6736
3.3906
7.3753
6.6453
2.3421
2.8672
2.75
3.5
1.5911
5.516
1.7805
5.3292
3.1985
2.1696
6.0783
2.6477
3.0982
3.5839
6.632
1.7344
2.4574
2.7628
1.5809
3.6771
2.9334
2.4717
3.0234
2.5259
5.6428
6.4514
4.2067
1.6685
3.4306
2.625
3.8869
3.5607
1.1141
1.6125
3.1797
5.4635
3.066
3.9052
4.7917
1.75
3.375
2.3947
2.5523
2.6827
2.5267
5.1406
3.3006
4.226
3.675
5.3441
3.067
3.0735
3.0673
2.8208
1.125
3.4861
2.9375
3.15
4.6944
2.75
2.59
3.6065
4.3429
2.7679
1.3451
2.2868
4.3571
3.875
2.3194
1.9439
2.2647
3.4063
2.0044
6.0191
3.4712
4.2531
1.4329
7.226
3.2717
3.4722
4.7333
4.7794
3.0583
6.6265
3.625
3.9118
3.7014
2.5
1.7365
2.46
4.5341
3.5909
4.5245
1.4861
4.0878
5.6169
4.1845
4.2667
3.0625
1.8438
1.4923
3.6389
4.8051
1.3365
6.2654
7.2532
3.7976
3.3125
2.4886
4.8438
4.45
5.0719
3.7917
4.5208
2.625
6.0918
3.6339
4.125
6.1953
3.434
3.3158
4.0
6.0434
3.8621
6.6112
1.9
0.78
3.375
3.5833
5.0942
3.8019
4.7833
6.0878
5.2853
2.5656
6.1273
2.9821
3.875
4.8594
1.9236
3.5473
2.5599
2.1964
3.3155
4.4722
3.9
3.6292
2.6648
13.1867
1.1528
3.7125
1.6111
1.5603
3.3036
3.5861
2.7656
3.6625
3.3512
1.9152
2.5863
5.4493
2.6711
3.8958
4.5234
2.1211
2.5795
7.8601
6.359
5.3972
1.1917
3.1667
6.9615
5.5608
7.9096
3.0917
3.6719
3.5125
4.1307
3.8056
3.6429
2.8594
4.7841
3.3542
13.3913
10.959
2.2222
4.8611
1.6944
2.7452
3.911
2.325
2.5197
2.3036
3.7212
5.6704
5.3962
4.0556
1.6607
2.8409
2.6964
5.4413
4.5167
4.3083
6.1814
3.6563
3.0221
3.275
5.7528
2.7885
3.1205
4.9562
4.0417
2.2083
4.6827
2.0227
6.3197
5.5875
2.5372
2.9554
1.6429
2.2
3.6406
3.1319
2.6078
3.4698
1.3278
4.2206
3.7794
4.6781
5.1337
3.9833
4.433
3.9914
2.5139
1.9939
2.25
2.7589
7.2628
4.6563
2.3444
2.0625
3.8833
3.3098
5.1112
2.4596
4.2045
6.0648
5.3774
4.3
2.5833
2.6781
3.7917
2.5568
5.875
1.7756
4.0079
2.5048
4.5724
3.9038
4.3261
3.2246
5.0463
3.1815
2.4919
2.8702
2.4583
3.6681
5.8788
13.2986
2.7002
2.35
3.3906
2.1734
3.4643
4.1316
4.0801
3.6382
2.8533
2.5179
5.0261
3.6745
3.4792
9.2463
1.4773
6.1256
1.125
3.5637
5.184
4.375
8.6573
3.9828
2.0542
4.0536
1.9531
4.3814
4.8488
5.2831
2.1905
10.3329
2.0057
3.2813
4.625
2.5664
3.9917
5.1314
0.9
1.0375
6.1575
6.1089
1.9923
4.0767
5.0635
5.7796
1.9766
5.0346
2.8783
4.498
4.8703
4.0444
1.6513
3.5347
3.1989
3.558
3.9423
2.98
1.5179
6.3521
5.9397
2.5833
5.3738
3.0052
1.2091
3.1979
2.3682
3.1864
3.5781
3.2031
1.6156
4.3958
1.7981
6.0758
2.4492
13.2949
1.8827
5.7876
4.125
5.2325
3.0774
1.858
3.1058
3.5388
3.1513
3.0703
6.8374
1.9688
4.2589
2.7222
1.7062
4.5
3.9227
2.3977
4.5401
3.2757
2.5509
3.1439
4.5375
4.0313
2.0043
4.2898
2.8424
2.7969
2.25
2.7226
6.2427
6.6134
4.5398
3.5349
8.1564
3.2292
1.962
9.3834
1.6102
1.3462
6.7837
15.0001
6.712
3.0729
2.825
3.4509
4.0491
5.1626
4.7295
2.2885
2.0625
2.5804
4.4074
1.8973
2.6181
1.9929
2.5192
2.2262
5.3683
6.1168
2.9891
2.5559
1.2455
1.2716
5.6739
3.0902
2.0938
7.8239
3.5774
4.2566
3.5664
4.1301
2.3125
2.0182
3.9745
12.2092
6.8753
3.9583
2.364
1.9441
4.5
5.2321
1.9766
4.3529
6.4978
3.8864
1.7868
1.9034
2.4207
2.0
1.3333
6.2233
2.767
2.1991
6.907
3.0967
1.5054
6.6122
1.7059
2.1071
2.1471
5.2838
3.4698
0.6991
4.3333
3.1713
2.7022
1.975
5.5702
4.2917
3.212
6.623
1.875
2.7909
4.2891
3.125
4.0185
2.398
5.7934
6.1509
2.0536
4.0484
3.5652
1.9872
1.4886
5.6864
3.625
3.0122
2.8456
4.4886
2.8603
2.4234
5.8096
3.2123
4.4085
2.5208
5.6062
2.9744
2.9344
1.5464
5.5184
2.1116
2.8919
4.263
2.0625
3.7083
3.75
2.8462
3.7449
8.2653
4.2061
8.6675
1.4103
5.2329
3.9063
5.6975
6.7836
5.2336
7.3669
5.0111
3.9375
10.7958
2.9624
4.8854
2.6392
2.6959
2.1461
5.2528
3.4844
5.2131
5.152
3.5414
3.2417
2.8438
3.6667
2.9571
5.5956
6.8112
2.8417
5.9934
4.7547
2.7059
2.9
3.5341
6.8643
7.5057
5.8151
1.9718
4.5089
3.375
0.7526
1.8438
2.734
2.6364
3.7361
3.7464
3.087
4.1179
2.5395
2.0471
4.3281
3.1812
1.965
3.1551
5.3903
3.3715
3.9818
1.6618
2.5804
4.0625
2.5313
2.875
4.6366
8.2374
4.2099
4.3438
2.7813
3.375
3.5
3.1711
2.3125
2.3798
3.9567
4.4
15.0001
1.8355
4.275
4.2042
5.305
3.0208
4.8571
4.8929
5.0286
8.0158
2.1838
1.625
6.0621
3.6591
2.0192
6.0571
1.6023
5.121
3.5652
4.0
3.75
2.3625
4.7717
2.2138
4.5795
7.1576
2.5643
4.4861
6.603
6.2579
2.6973
1.2411
3.25
4.15
3.6207
2.7857
7.316
1.5611
4.8419
6.48
2.2946
2.3769
3.0812
3.3261
1.9837
7.7197
3.65
7.8193
3.9167
2.875
3.0357
3.3625
3.7279
1.6156
3.3214
1.9205
3.6287
3.0221
1.9784
2.2
2.9821
3.3214
2.2222
4.6989
6.0663
3.6354
3.7527
4.6053
3.4643
2.7125
3.35
7.375
6.9399
1.9722
4.5125
6.2177
6.1274
6.6277
4.4474
2.2141
2.6354
3.1833
5.5551
5.0385
1.6389
3.3567
2.9576
3.7609
3.2889
1.5823
4.3083
5.0747
3.15
2.1549
3.5214
2.0745
3.2188
2.0734
7.5177
0.957
2.5978
2.375
1.6467
2.0819
3.8825
12.0933
5.8632
2.0549
3.1523
3.4492
4.0357
2.151
5.6787
4.1455
3.9227
2.6083
4.375
3.5833
6.5206
3.2632
5.1047
7.52
6.0
5.7309
4.5744
4.6985
3.7813
6.7921
3.5682
8.176
5.0151
3.25
2.9063
8.9172
6.2089
3.3632
3.1927
2.5952
3.3021
2.7391
5.4618
2.6719
7.8476
2.6302
4.2614
5.062
2.5083
3.4375
10.9052
4.0417
1.6769
6.1986
5.5435
3.3639
2.5575
3.875
0.9142
3.3304
2.8512
4.5333
3.0348
3.5
2.5625
6.6329
1.7188
3.0253
2.7014
1.875
2.4583
2.535
5.6063
2.9861
3.5859
6.235
1.75
1.6948
4.6458
6.0332
3.7887
7.3339
2.1653
1.5292
2.0192
2.15
1.6445
2.5727
1.4665
3.7105
3.6
4.3269
4.0474
2.8235
2.5833
4.8554
3.6875
2.0523
3.8292
2.1726
1.6955
3.8571
6.1824
4.625
1.6336
3.6761
2.1071
2.9688
3.7784
7.7317
3.9444
7.7499
2.3462
1.847
4.8438
3.3365
2.6818
5.0863
1.9038
3.83
1.6849
3.2368
2.5417
2.7694
2.0625
7.7197
1.9338
4.65
1.8958
6.516
5.0434
1.8269
5.9053
1.8819
3.2465
1.6458
3.9167
1.8625
5.5164
4.3897
3.1979
8.4471
4.3859
3.3625
4.4083
1.6515
2.8385
6.1265
3.2158
3.8523
3.9444
1.8845
2.8875
1.5156
6.9742
4.7578
4.7609
2.6513
2.2679
3.1103
2.6563
2.9583
4.9432
5.4381
10.7751
2.5
1.6184
5.2657
2.4632
3.4676
3.0375
2.462
6.5799
3.7061
2.9911
4.0827
3.8611
2.5141
2.8
11.0546
9.8214
4.125
1.1818
3.8259
1.1667
1.1645
2.6058
8.05
3.2326
4.625
2.2607
3.0638
10.9237
2.9375
2.1136
4.0616
7.3731
3.5417
3.1583
6.7192
5.3886
3.4044
5.5101
3.35
3.9261
6.0591
5.5771
6.0302
3.285
1.7172
3.0139
3.9798
6.4001
7.309
2.7344
1.8158
3.2
3.5667
3.003
3.4583
2.6607
5.145
3.5938
2.5284
3.3066
3.4449
1.2387
3.2174
3.0061
2.8649
6.2242
2.6607
3.185
5.8964
5.3799
2.8
3.125
2.9219
1.8917
3.3831
6.0192
1.9432
2.087
3.1281
5.097
2.5536
3.3958
3.1543
10.2252
6.6125
1.9385
2.0536
2.3929
1.4868
4.2296
5.0544
8.4882
5.8972
3.5208
6.394
1.9362
4.3906
4.85
3.5278
3.3472
1.983
2.7569
3.1284
2.0801
1.5625
2.9044
3.5288
3.5781
4.65
7.2554
3.875
2.7026
2.125
3.1591
4.8333
3.1613
1.4133
5.2289
4.0179
2.6667
4.0507
2.3549
1.7199
4.8906
4.5032
5.3245
2.5417
2.5741
2.7933
4.1154
2.5643
6.3538
3.1771
3.4861
7.8532
4.4784
4.2829
3.5982
5.9316
1.9949
3.0856
3.5521
3.8355
5.1815
3.4009
2.6708
1.725
6.0394
3.6429
2.0
1.9655
2.9222
2.0368
6.2083
3.0833
3.9464
2.0879
0.7683
6.2895
1.7179
6.0265
2.6154
2.3319
4.7
3.3371
3.9506
1.9667
0.8288
2.0729
2.3526
2.7153
2.7993
2.875
4.1389
9.5221
5.2903
2.6894
5.0365
4.5
5.2108
0.8907
6.1008
2.6
1.625
3.1204
4.3831
2.1806
1.9718
7.1463
3.6118
4.5321
4.5417
3.5507
1.3096
3.1814
3.75
2.2708
5.311
6.5372
2.567
5.5931
4.875
4.5729
5.2415
4.3897
1.0353
3.2061
4.1933
5.7409
4.6694
3.3438
5.8325
3.1702
2.8167
4.675
4.5547
4.8036
4.175
6.6188
1.375
5.1184
2.2969
2.6058
2.875
5.103
5.411
5.2723
3.1004
3.2067
2.4286
3.6736
5.0415
5.878
5.0679
3.5139
2.2577
2.3696
2.875
8.1631
4.2454
1.7171
5.7962
4.8371
4.6591
4.1685
4.4083
4.1719
3.5988
3.6201
3.1734
4.037
3.5255
3.6875
1.8878
3.18
4.2926
5.6286
4.1012
5.7833
5.1386
3.7833
5.2177
4.0425
8.2883
4.625
3.3536
7.3681
4.7891
1.4804
1.7217
3.5694
0.9379
4.7813
5.9263
5.6652
3.3438
1.8667
3.46
4.5568
4.1411
1.5531
5.2539
4.7917
6.1014
6.5412
3.25
4.0234
3.4231
1.89
3.6196
3.5625
2.7198
3.3
6.9553
4.5903
4.8405
2.925
4.9013
3.4202
3.3008
2.6429
2.0521
2.0329
2.5033
3.7614
5.9224
1.6823
2.587
2.754
4.375
3.8661
3.6875
4.9318
1.9511
4.3229
2.4505
1.6964
1.475
4.835
1.0667
4.282
3.9688
2.35
2.1516
3.6467
2.625
2.4663
11.615
4.7944
2.3214
4.5402
2.0034
12.3767
4.75
4.7933
3.4375
8.6572
4.0294
0.5495
4.0096
2.9531
1.5132
2.5682
3.2798
3.1729
2.9081
8.8467
3.4896
4.2411
10.1248
10.8289
2.465
2.098
4.8105
5.0976
3.1083
3.9792
2.3783
3.7261
6.7962
3.5
4.8523
6.6053
1.2532
4.5536
3.5463
2.7865
3.3516
1.6722
5.2783
4.1016
3.625
3.4107
5.5486
3.6298
5.5591
3.5977
2.3382
2.0893
3.6875
3.1711
6.221
2.83
2.05
2.5363
5.4138
2.184
5.738
3.5987
3.1932
6.7744
4.3816
5.6986
2.8352
4.7118
4.6957
5.614
3.663
5.3254
2.6087
6.5474
2.2721
4.9115
13.3036
1.9257
8.2787
4.3958
1.3365
4.0223
4.3451
2.4167
4.4219
1.375
7.0001
7.0875
2.3917
4.7083
4.9236
3.125
6.5116
4.4477
5.3787
6.1592
4.4167
3.2976
2.4511
2.1865
2.3147
1.615
2.5363
3.4107
4.5156
5.5845
3.1042
2.1029
2.8015
4.6477
2.3103
5.131
2.2019
3.0068
2.9934
3.1779
4.7319
3.3056
4.7367
2.875
6.4504
0.9563
2.4942
2.7139
4.555
4.2143
4.821
4.5568
3.1607
3.0441
4.4792
3.0972
3.6393
4.5972
1.9903
2.8135
6.0102
5.2849
0.536
7.9943
4.5417
8.1489
1.6851
4.5656
4.4697
3.0542
4.125
2.1944
2.8571
2.3075
3.6042
5.0445
4.1518
4.2386
4.1368
4.4292
3.5857
4.2273
7.745
5.9245
3.7813
1.6429
4.0647
3.3214
3.3836
4.7344
6.2141
5.9658
3.6181
4.9167
3.099
3.2369
4.6094
2.6442
5.2114
6.8538
5.3428
4.7566
2.9726
2.3049
1.3569
7.7197
3.9079
5.6047
5.5073
5.0476
3.9048
1.6591
5.9441
3.18
2.3269
4.9107
6.1805
2.2847
2.319
5.9196
3.145
6.204
2.4421
4.5398
7.7313
3.9219
3.7201
2.1513
2.625
1.9323
6.223
4.1324
4.0
6.8132
3.7188
4.87
2.293
4.5
5.222
1.975
1.4024
2.0179
5.4683
2.5179
2.5172
1.725
2.0091
1.9811
2.4398
3.5313
3.4375
4.1523
5.7192
3.1856
4.8036
3.1563
4.665
5.6754
2.2031
4.0385
3.5954
1.8125
2.3125
3.8424
4.121
3.821
3.8029
2.4432
3.8819
6.8109
6.5861
4.2415
4.1163
1.8564
5.0866
3.7361
4.0
2.125
2.9881
4.6042
5.0508
1.6315
3.8147
2.1216
6.4271
3.3988
1.9792
5.3922
5.8195
3.5227
10.3798
4.7026
5.0672
6.3516
4.7941
5.7143
5.0686
3.7813
4.2059
2.4732
3.9318
5.0447
2.5147
2.9474
2.1287
5.3559
2.3333
15.0001
3.0729
1.5662
6.112
3.7065
5.8142
4.9167
3.2833
2.9737
2.9107
3.8214
4.6
3.3214
3.4028
2.5329
4.5278
1.7344
3.6687
1.2034
8.3935
1.625
4.4219
7.6281
5.457
4.2212
2.6392
1.75
3.5156
3.4051
2.2148
2.6328
4.1855
2.7333
3.2284
1.8242
3.0897
5.0756
1.8495
1.8191
4.0585
5.0953
4.2224
3.8803
3.8372
2.212
6.1922
3.4291
2.2292
2.75
4.0931
5.0877
5.587
2.3929
2.8654
14.2959
4.1645
4.3977
7.355
2.625
7.978
5.2835
2.3684
8.7939
3.6859
3.0469
2.1638
1.4224
2.13
2.8679
3.75
2.4917
3.3409
4.7188
6.9961
9.2189
2.7556
1.735
3.9755
3.9076
2.9449
5.2888
3.1429
5.2174
2.6528
4.4602
6.8088
6.1133
3.0217
2.8194
4.8359
3.5161
2.1591
3.8125
4.5859
3.375
2.4786
1.4
1.8857
2.6333
4.7813
5.0505
2.3099
3.2578
3.6897
2.6123
2.1765
4.2589
4.8264
3.6629
1.0648
2.4922
5.0423
2.5288
2.1044
7.1298
3.2021
2.8393
5.1084
4.5828
4.6731
4.224
3.1187
7.9614
2.4097
3.2699
3.2632
5.5205
3.6875
6.3373
5.6417
7.1615
1.9181
2.806
2.4219
1.8095
3.4063
3.0481
4.9504
3.0278
3.9583
2.6701
4.505
3.1406
4.8661
4.5766
3.0577
5.3428
3.0469
3.7816
1.2656
3.8
4.1875
5.1017
5.8735
7.0813
7.9625
3.5179
5.7621
5.065
3.2105
4.3849
5.3683
3.1771
1.4792
7.1148
2.212
3.3625
5.1423
5.7765
3.6042
2.3824
3.1914
2.9405
0.9889
3.6154
2.3565
4.7622
3.8261
3.6597
2.6673
6.8226
3.2875
3.96
4.2045
5.6846
4.6875
2.9018
2.1912
2.8958
2.7058
3.1304
3.9128
4.4
3.1
3.3643
4.2153
3.0977
1.8333
3.2708
3.6667
2.3276
3.9063
3.142
3.6007
4.1719
5.5636
4.0726
5.3478
4.8971
2.5197
8.1093
4.1103
2.5588
4.3879
6.8667
2.726
2.75
5.1099
5.4563
5.928
1.6667
2.8643
2.5887
3.7708
5.6188
4.0508
2.9038
3.5536
4.475
4.3036
5.2305
4.7946
1.6784
3.2917
4.6293
1.8933
1.5923
2.2067
12.9591
3.1103
2.3704
2.793
4.095
1.6838
5.2879
2.3935
5.0
4.2254
4.0
4.0882
1.6318
7.7382
7.0315
4.6111
5.3321
3.8488
4.2813
3.1645
4.3882
2.2756
3.4904
6.6345
5.1155
4.4667
7.0549
6.5253
5.2949
3.0806
2.2778
4.174
2.5463
2.8007
1.3867
1.7244
1.7417
3.25
2.9125
2.0272
3.0958
4.3
4.3232
2.9085
3.1442
2.78
3.9309
4.9583
2.9663
2.9781
4.2768
1.7238
2.7232
3.3558
3.5445
4.1212
4.0473
4.7813
2.2813
5.2769
1.858
4.2259
4.0229
3.1932
15.0001
1.3222
6.5843
6.3875
4.3009
4.1587
10.9891
9.08
3.6
1.7694
5.0278
3.8583
3.8047
5.7843
5.234
8.1714
2.9194
1.65
5.3307
2.6913
5.0123
4.119
4.7019
3.2371
1.3646
3.5288
2.3929
2.4779
1.6
2.6094
4.1656
2.4722
3.4688
3.2738
1.725
2.8616
3.875
2.5737
3.2062
3.099
2.6023
2.625
4.88
6.983
4.6708
1.9091
4.9118
5.7039
4.2039
2.875
2.7031
1.7227
4.89
5.1834
2.7401
4.511
5.0958
2.1382
3.6171
2.6375
5.2417
4.8182
4.6667
6.075
1.9472
6.3568
4.1386
7.8521
5.0867
4.05
2.87
3.101
6.5214
3.5268
3.7708
4.0625
5.3991
2.3603
2.4741
8.3275
3.2829
3.6125
2.7399
1.365
5.1788
1.3042
4.5556
3.2625
3.4821
2.4183
5.35
2.425
3.0278
7.1382
4.0893
3.7404
2.8797
7.2821
5.5785
2.894
4.9342
7.7865
7.1937
3.2297
5.0461
3.2813
6.2899
2.1213
4.6583
2.8125
7.3089
2.9352
4.5833
2.7426
1.2813
3.1964
4.1581
2.918
6.9418
3.6027
10.0765
15.0001
4.4529
4.0451
3.9073
3.1864
2.7981
3.2016
3.6848
3.3926
1.4792
3.9837
2.5208
5.2066
7.8383
1.4552
2.9191
4.4028
1.165
1.3882
1.4012
2.575
5.1033
3.5085
1.9286
3.5109
6.1404
2.9063
2.5365
10.1275
5.5121
3.4208
2.4662
2.4286
3.1563
3.2156
4.4312
4.2009
1.9937
4.1319
4.7721
4.7625
5.5138
4.7381
6.1159
3.8125
5.4605
5.7115
3.7333
3.7721
2.3971
2.02
8.3931
5.5368
2.7857
2.3333
6.6131
5.049
3.9519
2.535
3.4286
4.5491
2.6485
2.71
5.1929
2.7312
0.8585
4.05
2.0375
1.5972
2.8214
8.5184
3.0733
6.4238
3.285
3.2898
1.9286
2.7098
5.6302
3.2964
2.3036
3.6625
3.0139
4.8125
3.4219
2.8269
5.5381
2.4741
3.7804
9.8074
2.5333
4.119
3.48
1.0114
4.0435
2.6902
3.7153
1.3036
6.2094
2.8281
2.5953
3.8214
3.5536
7.1053
5.1998
4.875
6.6852
3.8571
2.1149
2.6742
6.3223
2.7634
1.3302
4.4653
4.1862
3.2847
5.0699
5.2486
2.0984
2.6184
5.4372
3.1477
1.8542
11.7064
4.6863
5.2898
3.8571
1.3963
2.4398
5.5676
4.5179
3.4359
2.0432
4.1365
2.9917
4.0189
2.5432
2.7361
3.5258
6.3277
2.2765
2.45
6.3767
5.6149
3.892
5.457
1.675
5.1615
3.625
5.431
2.8824
6.2154
2.3083
7.494
3.2083
4.9615
1.4115
3.57
2.7619
2.5
4.3762
2.3768
3.7857
10.0707
2.4286
2.6875
2.7273
2.0917
0.8836
5.0203
5.6936
2.3977
5.2534
4.2594
3.575
4.3438
1.9612
2.9453
5.2128
2.2212
3.5387
4.4674
3.2793
6.8645
4.6957
3.5129
2.2554
2.3812
3.5357
13.6623
4.849
11.706
2.3087
3.5865
3.4455
3.0574
2.6823
8.3337
2.1513
4.3393
2.55
2.2244
1.7941
3.3125
3.5292
2.775
7.5604
6.035
9.2298
3.9722
4.0609
2.2188
2.3182
3.1453
3.2049
2.3469
6.3566
3.7857
3.915
2.4952
8.0727
2.065
2.1932
2.9861
2.1071
2.8542
5.1669
3.5398
4.4946
6.37
5.9499
4.5694
4.5399
4.6613
5.2769
4.5368
5.2099
3.1908
4.6225
4.7308
1.7311
2.065
3.7452
3.4559
2.1927
1.3942
3.7477
2.8864
2.6774
3.4331
2.8068
1.9787
3.1875
1.951
2.3468
4.5526
4.7222
4.0556
2.2794
2.8351
3.125
2.8882
2.4167
4.3487
5.3064
4.8226
4.1997
3.2222
3.4186
2.7989
5.679
1.9327
3.75
3.4187
2.5478
2.8542
1.9559
2.8365
3.1534
3.7574
3.875
3.3472
3.0486
2.7955
1.5208
2.0474
1.6652
1.684
1.4946
0.8928
3.3611
3.725
2.9647
2.6964
2.1111
1.9122
1.5827
3.1029
1.5694
1.5085
1.3375
2.3496
1.8355
2.08
1.8413
1.7167
2.3011
1.3631
1.2857
1.4934
1.4958
2.4695
2.3598
2.0469
3.3021
2.25
2.7303
4.5625
2.3661
2.4167
2.8235
3.0739
4.125
2.1667
3.0
2.5952
2.0943
3.5673
3.5179
3.125
2.5495
3.7125
1.5603
2.5568
1.7
1.8672
2.3886
